Title,Authors,Contributors,ISBN/UID,Format,Read Status,Date Added,Last Date Read,Dates Read,Read Count,Moods,Pace,Character- or Plot-Driven?,Strong Character Development?,Loveable Characters?,Diverse Characters?,Flawed Characters?,Star Rating,Review,Content Warnings,Content Warning Description,Tags,Owned?
Killing Moon: A Harry Hole Novel (13),Jo Nesbø,"",9780593684894,paperback,read,2025/06/10,2025/06/26,2025/06/10-2025/06/26,1,"",,,,,,,,,"",,"",No
Exercises in Style,Raymond Queneau,Barbara Wright (Translator),9780811207898,paperback,read,2016/05/09,"","",1,"",,,,,,,4.0,,"",,"",No
The Sixth Extinction: An Unnatural History,Elizabeth Kolbert,"",9780805092998,hardcover,read,2021/01/30,2021/01/28,2021/01/28,1,"",,,,,,,5.0,,"",,"",No
Deep Work: Rules for Focused Success in a Distracted World,Cal Newport,"",9781455586691,hardcover,read,2019/01/13,2019/01/22,2019/01/22,1,"",,,,,,,,,"",,"",No
The Year of Living Biblically: One Man's Humble Quest to Follow the Bible as Literally as Possible,A.J. Jacobs,"",9780743291477,hardcover,to-read,2024/10/29,"","",0,"",,,,,,,,,"",,"",No
The Hunger Games,Suzanne Collins,"",9780439023481,hardcover,read,2017/06/05,"","",1,"",,,,,,,,,"",,"",No
Mockingjay,Suzanne Collins,"",9780439023511,hardcover,read,2017/06/05,"","",1,"",,,,,,,,,"",,"",No
Parable of the Sower,Octavia E. Butler,"",9780446675505,paperback,to-read,2022/01/20,"","",0,"",,,,,,,,,"",,"",No
The Tipping Point,Malcolm Gladwell,"",9780316346627,paperback,read,2016/05/09,"","",1,"",,,,,,,4.0,,"",,"",No
Harry Potter and the Goblet of Fire,J.K. Rowling,"Stephen Fry (Narrator), Mary GrandPré (Illustrator)",9780439139601,paperback,read,2016/05/10,"","",1,"",,,,,,,4.0,,"",,"",No
Shutter Island,Dennis Lehane,"",9780380731862,paperback,read,2026/01/03,2026/01/28,2026/01/25-2026/01/28,1,"",,,,,,,,,"",,"",No
The Shining,Stephen King,"",9780450040184,paperback,read,2016/05/10,"","",1,"",,,,,,,5.0,,"",,"",No
People Love Dead Jews: Reports from a Haunted Present,Dara Horn,"",9780393531565,hardcover,read,2025/10/07,2025/10/12,2025/10/07-2025/10/12,1,"",,,,,,,5.0,"","","","",No
Life,Keith Richards,James Fox,9780297854395,hardcover,read,2016/05/10,"","",1,"",,,,,,,4.0,,"",,"",No
"My Struggle, Book Four",Karl Ove Knausgård,Don Bartlett (Translator),9780914671176,hardcover,read,2022/01/05,2022/01/20,2022/01/20,1,"",,,,,,,5.0,,"",,"",No
At Play in the Fields of the Lord,Peter Matthiessen,"",9780679737414,paperback,to-read,2018/07/02,"","",0,"",,,,,,,,,"",,"",No
What to Expect When No One's Expecting: America's Coming Demographic Disaster,Jonathan V. Last,"",9781594036415,hardcover,to-read,2025/04/22,"","",0,"",,,,,,,,,"",,"",No
The Thin Red Line,James Jones,"",9780340717523,paperback,read,2018/05/08,2022/08/23,2022/08/23,1,"",,,,,,,,,"",,"",No
Dead Poets Society,N.H. Kleinbaum,"",9780553282986,digital,to-read,2022/08/23,"","",0,"",,,,,,,,,"",,"",No
Consider the Lobster And Other Essays,David Foster Wallace,"",9780316156110,hardcover,read,2018/04/10,2018/04/18,2018/04/18,2,"",,,,,,,,,"",,"",No
The Agile College: How Institutions Successfully Navigate Demographic Changes,Nathan D. Grawe,"",9781421440231,hardcover,to-read,2024/09/02,"","",0,"",,,,,,,,,"",,"",No
The Master: The Long Run and Beautiful Game of Roger Federer,Christopher Clarey,"",9781538719268,hardcover,read,2023/05/24,2025/02/21,2025/01/28-2025/02/21,1,"",,,,,,,,,"",,"",No
Neuromancer,William Gibson,James Warhola (Illustrator),9780441569564,paperback,read,2019/03/02,2019/03/06,2019/03/06,1,"",,,,,,,,,"",,"",No
"My Struggle, Book Three",Karl Ove Knausgård,Don Bartlett (Translator),9781935744863,hardcover,read,2021/06/21,2021/06/21,2021/06/21,1,"",,,,,,,5.0,,"",,"",No
The Anxious Generation: How The Great Rewiring of Childhood is Causing an Epidemic of Mental Illness,Jonathan Haidt,"",9780593655030,hardcover,read,2024/06/19,2024/08/07,2024/06/19-2024/08/07,1,"",,,,,,,5.0,"","","","",No
The Righteous Mind: Why Good People Are Divided by Politics and Religion,Jonathan Haidt,"",9780307907035,digital,read,2018/08/04,"","",2,"",,,,,,,,,"",,"",No
In the Distance,Hernan Diaz,"",9781566894883,paperback,read,2022/01/20,2022/08/27,2022/08/27,1,"",,,,,,,,,"",,"",No
The Rational Bible: Exodus,Dennis Prager,"",9781621577720,hardcover,paused,2024/12/17,"","",0,"",,,,,,,,,"",,"",No
Dos horas: En busca de la maratón imposible,Ed Caesar,"",9781451685848,digital,read,2016/07/14,2016/07/31,2016/07/31,1,"",,,,,,,4.0,,"",,"",No
The Living Mountain,Nan Shepherd,"Jeanette Winterson (Contributor), Tilda Swinton (Narrator), Robert Macfarlane (Contributor)",9781786899361,audio,to-read,2022/09/10,"","",0,"",,,,,,,,,"",,"",No
Logicomix: An Epic Search for Truth,"Christos Papadimitriou, Apostolos Doxiadis","Annie Di Donna (Contributor), Alékos Papadátos (Illustrator)",9781596914520,paperback,to-read,2016/12/11,"","",0,"",,,,,,,,,"",,"",No
In Cold Blood,Truman Capote,"",9780679745587,paperback,read,2024/03/28,2024/04/06,2024/03/28-2024/04/06,1,"",,,,,,,5.0,"","","","",No
Visions of Gerard,Jack Kerouac,"",9780140144529,paperback,to-read,2017/03/07,"","",0,"",,,,,,,,,"",,"",No
Amusing Ourselves to Death: Public Discourse in the Age of Show Business,Neil Postman,Andrew Postman (Contributor),9780143036531,paperback,read,2019/01/03,2019/02/16,2019/02/16,1,"",,,,,,,,"Reads like a curmudgeon wringing his fists at the new world. Unfortunately, this grandpa was quite prescient. <br><br>In response to whether the thesis of the book (that television, through form and seduction, has turned information-disseminating disciplines and industries into a step and dance form of entertainment) applies to the Internet age, I defensively think first to podcasts and long-form journals but am quickly reminded of the sheer amount of shiny objects that exist in opposition—rabbit holes of recommended YouTube videos, a dozen well-stocked streaming services, the list goes on...<br><br>To borrow Mr. Postman’s analogy of the tension between visions of the great 20th century dystopian writers, there is an insidious irony in Americans looking at China or the USSR and shaking our heads at the big brother, Orwellian nightmare while unconsciously (or perhaps impassively) subjugating ourselves with Huxley’s “soma.”<br><br>It is important to qualify Mr. Postman’s assault on this medium. He views television as innocuous and best equipped to produce junk-entertainment, but incompatible with “serious modes of discourse” (e.g., news, politics, science, education, commerce, religion, etc.)<br><br>The section on facts and truth were especially unnerving in our age of ""fake news"" and another presidential election looming. <br><br>Thirty-four years later, a thought-provoking read if you can get past the sometimes priggish prose.","",,"",No
Tenth of December: Stories,George Saunders,"",9780812993806,hardcover,read,2016/05/10,"","",1,"",,,,,,,4.0,,"",,"",No
The Wolf of Wall Street,Jordan Belfort,"",9780553805468,hardcover,read,2016/05/10,"","",1,"",,,,,,,2.0,,"",,"",No
One Flew Over the Cuckoo's Nest,Ken Kesey,Tom Parker,9780786180479,paperback,read,2016/05/10,"","",1,"",,,,,,,5.0,,"",,"",No
Harry Potter and the Sorcerer's Stone,J.K. Rowling,"",9780439708180,paperback,read,2016/05/10,"","",1,"",,,,,,,4.0,,"",,"",No
Meditation for Fidgety Skeptics: A 10% Happier How-To Book,Dan Harris,"Jeff Warren, Carlye Adler",9780399588945,hardcover,read,2020/10/21,2021/10/23,2021/10/23,1,"",,,,,,,,,"",,"",No
When Einstein Walked with Gödel: Excursions to the Edge of Thought,Jim Holt,"",9780374146702,hardcover,to-read,2026/06/11,"","",0,"",,,,,,,,,"",,"",No
Humble Pi: A Comedy of Maths Errors,Matt Parker,"",9780241360194,paperback,to-read,2026/06/11,"","",0,"",,,,,,,,,"",,"",No
Crossroads,Jonathan Franzen,"",9780374181178,hardcover,read,2021/12/30,"","",2,"",,,,,,,5.0,Instant classic. Excruciatingly precise in outlining human flaws through an epic family drama. Franzen’s solution to the goodness his characters struggle with and strive for is my only quibble. But I’ll withhold my judgment on this aspect until the trilogy is complete.&nbsp;,"",,"",No
To The Friend Who Did Not Save My Life,Hervé Guibert,L. Coverdale,9780704370005,paperback,to-read,2023/02/01,"","",0,"",,,,,,,,,"",,"",No
The Art of Travel,Alain de Botton,"",9780375725340,paperback,read,2016/07/15,"","",1,"",,,,,,,4.0,,"",,"",No
Kitchen Confidential: Adventures in the Culinary Underbelly (Updated Edition),Anthony Bourdain,"Irvine Welsh (Narrator), Anthony Bourdain (Narrator), Irvine Welsh (Contributor)",9780060899226,paperback,read,2022/06/15,2022/06/21,2022/06/21,1,"",,,,,,,,,"",,"",No
The Doors of Perception & Heaven and Hell,Aldous Huxley,"",9780060595180,paperback,read,2016/07/15,"","",1,"",,,,,,,4.0,,"",,"",No
Tortilla Flat,John Steinbeck,"",9780582461505,hardcover,read,2025/02/17,2025/03/12,2025/02/14-2025/03/12,1,"",,,,,,,,,"",,"",No
The Antidote: Happiness for People Who Can't Stand Positive Thinking,Oliver Burkeman,"",9781429947602,digital,to-read,2024/01/05,"","",0,"",,,,,,,,,"",,"",No
Worm,Wildbow,J.C. McCrae,"",digital,to-read,2021/11/13,"","",0,"",,,,,,,,,"",,"",No
The Stranger,Albert Camus,Matthew Ward (Translator),9780881032475,hardcover,read,2016/05/09,"","",1,"",,,,,,,5.0,,"",,"",No
The Life of Dad: The Making of a Modern Father,Anna Machin,"",,,to-read,2024/03/28,"","",0,"",,,,,,,,,"",,"",No
Permaculture: Principles & Pathways Beyond Sustainability,David Holmgren,"",9780646418445,paperback,did-not-finish,2022/03/20,"","",0,"",,,,,,,,,"",,shelfed,No
Nothingness,Alan Watts,"",9780912310770,,read,2016/10/25,"","",1,"",,,,,,,5.0,,"",,"",No
Self-Reliance,Ralph Waldo Emerson,"",9781604500097,paperback,to-read,2025/12/31,"","",0,"",,,,,,,,,"",,"",No
The Girl Who Kicked the Hornet's Nest,Stieg Larsson,Reg Keeland (Translator),9780307269997,hardcover,read,2021/07/27,2021/08/15,2021/08/15,1,"",,,,,,,,,"",,"",No
Notes from Underground,Fyodor Dostoevsky,"Larissa Volokhonsky (Translator), Richard Pevear (Translator), António Pescada (Translator)",9780679734529,paperback,read,2016/08/16,2016/08/19,2016/08/19,1,"",,,,,,,5.0,,"",,"",No
The Sympathizer,Viet Thanh Nguyen,"",9780802123459,hardcover,read,2018/05/10,2018/05/10,2018/05/10,1,"",,,,,,,,,"",,"",No
The Remains of the Day,Kazuo Ishiguro,"",9780571225385,paperback,did-not-finish,2019/09/18,"","",0,"",,,,,,,,,"",,shelfed,No
Arafat Mountain,Mike Kleine,"",9781941918036,paperback,read,2018/04/06,2018/07/13,2018/07/13,1,"",,,,,,,,,"",,"",No
Why We're Polarized,Ezra Klein,"",9781797107653,audio,read,2020/05/29,"","",1,"",,,,,,,,,"",,"",No
My Name Is Red,Orhan Pamuk,Erdağ M. Göknar (Translator),9780375406959,hardcover,to-read,2024/07/24,"","",0,"",,,,,,,,,"",,"",No
The Life You Can Save: Acting Now to End World Poverty,Peter Singer,"",9781400067107,hardcover,read,2021/01/31,2021/02/01,2021/02/01,1,"",,,,,,,5.0,"A practical blueprint to the arguments of one of the most influential thinkers since the mid-twentieth century. Without sounding too hyperbolic, this book has the potential to be one of the most impactful works of non-fiction a person ever reads in terms of the societal benefit it can provide. Good thing it’s free as a pdf and audiobook (on Spotify at that).&nbsp;","",,"",No
Heraclitean Fire: Sketches from a Life Before Nature,Erwin Chargaff,"",9780874700299,hardcover,to-read,2018/07/02,"","",0,"",,,,,,,,,"",,"",No
The Feast of the Goat,Mario Vargas Llosa,Edith Grossman (Translator),9780571207763,paperback,to-read,2025/05/07,"","",0,"",,,,,,,,,"",,"",No
The Comeback Quotient: A Get-Real Guide to Building Mental Fitness in Sport and Life,Matt Fitzgerald,"",9781948007160,paperback,to-read,2023/12/27,"","",0,"",,,,,,,,,"",,"",No
A Fraction of the Whole,Steve Toltz,"",9780385521727,hardcover,read,2019/12/29,"","",1,"",,,,,,,,,"",,"",No
The Overstory,Richard Powers,"",9780393356687,paperback,read,2022/01/19,2022/03/20,2022/03/20,1,"",,,,,,,5.0,One of the best books I've ever read. Powers transforms dozens of non-fiction books he was reading (for the complete list: https://www.pbs.org/newshour/arts/loved-the-overstory-richard-powers-recommends-26-other-books-on-trees) into a magnificent thread of stories that are much more accessible to a lay audience.,"",,"",No
Free-Range Kids: Giving Our Children the Freedom We Had Without Going Nuts with Worry,Lenore Skenazy,"",9780470471944,hardcover,to-read,2024/12/14,"","",0,"",,,,,,,,,"",,"",No
"The Simple Path to Wealth: Your road map to financial independence and a rich, free life","Mr. Money Mustache, J.L. Collins, J.L. Collins","",,digital,read,2022/06/08,2022/06/13,2022/06/13,1,"",,,,,,,,,"",,"",No
Empty Planet: The Shock of Global Population Decline,"John Ibbitson, Darrell Bricker","",9781984823229,paperback,to-read,2025/04/22,"","",0,"",,,,,,,,,"",,"",No
Clean,James Hamblin,"",9780525538318,hardcover,read,2022/03/28,2022/05/16,2022/05/16,1,"",,,,,,,3.0,,"",,"",No
The Rabbit Club,Christopher J. Yates,"",9781335550972,paperback,to-read,2025/07/12,"","",0,"",,,,,,,,,"",,"",No
Cannery Row,John Steinbeck,"",9780142000687,paperback,read,2025/01/30,2025/02/04,2025/01/30-2025/02/04,1,"",,,,,,,,,"",,"",No
A Visit from the Goon Squad,Jennifer Egan,"",9780307592835,hardcover,read,2021/04/19,2021/01/01,2021/01/01,1,"",,,,,,,,,"",,"",No
The Once and Future Worker: A Vision for the Renewal of Work in America,Oren Cass,"",9781641770149,hardcover,read,2020/01/01,2020/01/01,2020/01/01,1,"",,,,,,,4.0,,"",,"",No
The Call of the Wild,Jack London,"",9780439227148,paperback,read,2025/08/26,2025/08/28,2025/08/26-2025/08/28,1,"",,,,,,,,,"",,"",No
The Other Name: Septology I-II,Jon Fosse,Damion Searls,9781910695913,paperback,to-read,2023/10/15,"","",0,"",,,,,,,,,"",,"",No
The Girl Who Played with Fire,Stieg Larsson,Reg Keeland (Translator),9780307269980,hardcover,read,2021/07/27,2021/07/27,2021/07/27,1,"",,,,,,,5.0,Lives up to the quality of the first book but without the protracted denouement,"",,"",No
Beyond AI: Creating the Conscience of the Machine,J. Storrs Hall,"",9781591025115,hardcover,did-not-finish,2016/09/04,"","",0,"",,,,,,,,,"",,shelfed,No
If on a Winter's Night a Traveler,Italo Calvino,William Weaver (Translator),9780088619451,paperback,read,2016/07/15,"","",1,"",,,,,,,5.0,,"",,"",No
"Debt: The First 5,000 Years",David Graeber,"",9781933633862,hardcover,read,2016/08/12,"","",1,"",,,,,,,5.0,,"",,"",No
Ordinary Men,Christopher R. Browning,"",9780060995065,paperback,read,2017/04/27,2018/01/17,2018/01/17,1,"",,,,,,,,,"",,"",No
Gigged: The End of the Job and the Future of Work,Sarah Kessler,"",,digital,read,2019/03/01,2019/07/03,2019/07/03,1,"",,,,,,,,,"",,"",No
Bounce,Matthew Syed,"","",digital,to-read,2026/06/05,"","",0,"",,,,,,,,,"",,"",No
The Fire This Time: A New Generation Speaks about Race,Jesmyn Ward,"",9781501126345,hardcover,read,2016/12/12,"","",1,"",,,,,,,,,"",,"",No
A Conflict of Visions: Ideological Origins of Political Struggles,Thomas Sowell,"",9780465081424,paperback,to-read,2025/12/31,"","",0,"",,,,,,,,,"",,"",No
Positivity Bias,Mendel Kalmenson,"",,,currently-reading,2025/11/02,"","",0,"",,,,,,,,,"",,"",No
Watergate: A New History,Garrett M. Graff,"",9781982139162,hardcover,read,2024/08/20,2024/10/13,2024/08/20-2024/10/13,1,"",,,,,,,,,"",,"",No
Israel: A Simple Guide to the Most Misunderstood Country on Earth,Noa Tishby,"",9781982144937,hardcover,read,2023/05/31,2023/06/10,2023/06/10,1,"",,,,,,,5.0,,"",,"",No
A Supposedly Fun Thing I'll Never Do Again: Essays and Arguments,David Foster Wallace,"",9780316925280,paperback,read,2016/05/09,2016/07/14,2016/07/14,1,"",,,,,,,5.0,,"",,"",No
"King of Kings: The Iranian Revolution : a Story of Hubris, Delusion and Catastrophic Miscalculation",Scott Anderson,"",9780385548076,hardcover,to-read,2025/12/31,"","",0,"",,,,,,,,,"",,"",No
"Take Back Your Family: From the Tyrants of Burnout, Busyness, Individualism, and the Nuclear Ideal",Jefferson Bethke,"",9781400221769,hardcover,read,2025/01/02,2025/01/06,2025/01/02-2025/01/06,1,"",,,,,,,,,"",,"",No
A Gentleman in Moscow,Amor Towles,"",9780143110439,paperback,read,2021/07/18,2021/07/19,2021/07/19,1,"",,,,,,,,,"",,"",No
Calypso,David Sedaris,"",9780316392389,hardcover,read,2021/12/30,2022/01/05,2022/01/05,1,"",,,,,,,4.0,,"",,"",No
Rebels Against the Future: The Luddites and Their War on the Industrial Revolution: Lessons for the Computer Age,Kirkpatrick Sale,"",9780201407181,paperback,did-not-finish,2019/08/23,"","",0,"",,,,,,,,,"",,shelfed,No
Abbott Awaits,Chris Bachelder,"",9780807137222,paperback,read,2025/02/05,2026/01/19,2026/01/12-2026/01/19,1,"",,,,,,,,,"",,"",No
12 Rules for Life: An Antidote to Chaos,Jordan B. Peterson,"",9780345816023,hardcover,read,2018/04/05,"","",2,"",,,,,,,2.0,,"",,"",No
The Bonfire of the Vanities,Tom Wolfe,"",9780553381344,paperback,read,2020/03/24,2020/04/02,2020/04/02,1,"",,,,,,,5.0,,"",,"",No
The Information,Martin Amis,"",9780679735731,paperback,to-read,2023/10/27,"","",0,"",,,,,,,,,"",,"",No
The Left Hand of Darkness,Ursula K. Le Guin,David Mitchell (Contributor),9780441007318,paperback,to-read,2023/06/20,"","",0,"",,,,,,,,,"",,"",No
The Complete Stories,Franz Kafka,"",9780805208733,paperback,read,2016/05/09,2017/08/08,2017/08/08,1,"",,,,,,,,,"",,"",No
Clock Without Hands,Carson McCullers,"",9780395929735,paperback,to-read,2022/01/22,"","",0,"",,,,,,,,,"",,"",No
Black Elk: The Life of an American Visionary,Joe Jackson,"",9780374253301,hardcover,to-read,2020/03/02,"","",0,"",,,,,,,,,"",,"",No
Watt,Samuel Beckett,"",9780714506104,paperback,read,2016/09/04,"","",1,"",,,,,,,4.0,,"",,"",No
Under the Banner of Heaven,Jon Krakauer,"",9780330419123,paperback,to-read,2026/01/03,"","",0,"",,,,,,,,,"",,"",No
The Myth of Sisyphus and Other Essays,Albert Camus,Justin O'Brien (Translator),9780679733737,paperback,read,2016/05/09,"","",1,"",,,,,,,5.0,,"",,"",No
The Complete Maus,Art Spiegelman,"",9780141014081,paperback,read,2016/05/09,"","",1,"",,,,,,,4.0,,"",,"",No
The Autobiography of Malcolm X,"Malcolm X, Alex Haley","",0345350685,paperback,read,2016/08/12,"","",1,"",,,,,,,4.0,,"",,"",No
The Real Life of Sebastian Knight,Vladimir Nabokov,"",9780141185996,paperback,read,2016/05/09,"","",1,"",,,,,,,4.0,,"",,"",No
The Red Pony,John Steinbeck,"",9780141962825,digital,read,2025/02/08,2025/02/14,2025/02/08-2025/02/14,1,"",,,,,,,,,"",,"",No
Can't Hurt Me: Master Your Mind and Defy the Odds,David Goggins,Adam Skolnick (Narrator),B07KKM1QVV,audio,read,2019/01/02,2021/08/17,2021/08/17,1,"",,,,,,,,,"",,"",No
E=mc²: A Biography of the World's Most Famous Equation,David Bodanis,"",9780425181645,paperback,currently-reading,2026/07/04,"","",0,"",,,,,,,,,"",,"",No
The Grapes of Wrath,John Steinbeck,"",9780670016907,hardcover,read,2016/05/09,"","",1,"",,,,,,,4.0,,"",,"",No
"Ultralearning: Master Hard Skills, Outsmart the Competition, and Accelerate Your Career",Scott H. Young,Scott Young,"",digital,to-read,2026/06/06,"","",0,"",,,,,,,,,"",,"",No
Harry Potter and the Chamber of Secrets,J.K. Rowling,Mary GrandPré (Illustrator),9780545582926,paperback,read,2016/05/10,"","",1,"",,,,,,,4.0,,"",,"",No
The Master and Margarita,Mikhail Bulgakov,"Katherine Tiernan O'Connor (Translator), Diana Lewis Burgin (Translator), Richard Pevear (Translator), Larissa Volokhonsky (Translator), Boris Fishman (Contributor), Christopher Conn Askew (Illustrator), Diana Burgin (Translator)",9780679760801,paperback,read,2022/01/09,2022/03/10,2022/03/10,1,"",,,,,,,4.0,,"",,"",No
The War of the End of the World,Mario Vargas Llosa,"",9780571139613,paperback,read,2023/03/26,2023/05/22,2023/05/22,1,"",,,,,,,5.0,,"",,"",No
The Personality Brokers: The Strange History of Myers-Briggs and the Birth of Personality Testing,Merve Emre,"",9780385541909,hardcover,read,2019/06/11,2019/06/26,2019/06/26,1,"",,,,,,,,,"",,"",No
May We Be Forgiven,A.M. Homes,"",9780670025480,hardcover,read,2019/05/07,2019/01/01,2019/01/01,1,"",,,,,,,,,"",,"",No
"The Innovators: How a Group of  Hackers, Geniuses and Geeks Created the Digital Revolution",Walter Isaacson,"",9781476708690,hardcover,read,2018/07/13,2018/07/16,2018/07/16,1,"",,,,,,,,,"",,"",No
Night,Elie Wiesel,Marion Wiesel (Translator),9781417728145,paperback,to-read,2017/08/29,"","",0,"",,,,,,,,,"",,"",No
Run to Overcome: The Inspiring Story of an American Champion's Long-Distance Quest to Achieve a Big Dream,Meb Keflezighi,"Joan Benoit Samuelson, Dick Patrick",9781414339573,hardcover,read,2022/06/27,2022/06/27,2022/06/27,1,"",,,,,,,3.0,,"",,"",No
Plato: Crito,"Plato, C. Emlyn Jones","",9781853994692,paperback,read,2016/05/09,"","",1,"",,,,,,,4.0,,"",,"",No
"The Turning Point: Science, Society, and the Rising Culture",Fritjof Capra,"",9780553345728,paperback,read,2016/05/08,2016/08/12,2016/08/12,1,"",,,,,,,4.0,,"",,"",No
Slaughterhouse-Five,Kurt Vonnegut,Kevin Powers (Contributor),9780385333849,paperback,read,2016/05/09,"","",1,"",,,,,,,4.0,,"",,"",No
Steve Jobs,Walter Isaacson,"",9781451648539,hardcover,read,2017/03/13,"","",1,"",,,,,,,4.0,,"",,"",No
The Peregrine,J.A. Baker,Robert Macfarlane,9781590171332,paperback,read,2017/03/20,2018/05/13,2018/05/13,1,"",,,,,,,5.0,,"",,"",No
Friends Divided: John Adams and Thomas Jefferson,Gordon S. Wood,"",9780735224711,hardcover,to-read,2025/07/12,"","",0,"",,,,,,,,,"",,"",No
Scientists Greater Than Einstein: The Biggest Lifesavers of the Twentieth Century,"Billy Woodward, Joel Shurkin, Debra Gordon","",9781884956874,hardcover,to-read,2021/11/13,"","",0,"",,,,,,,,,"",,"",No
"Rebbe: The Life and Teachings of Menachem M. Schneerson, the Most Influential Rabbi in Modern History",Joseph Telushkin,"",9780062318985,hardcover,to-read,2025/03/13,"","",0,"",,,,,,,,,"",,"",No
Sacred Economics,Charles Eisenstein,"",9781583943977,paperback,read,2016/05/10,"","",1,"",,,,,,,4.0,,"",,"",No
Filth,Irvine Welsh,"",9780393318685,paperback,read,2019/04/02,2019/04/06,2019/04/06,1,"",,,,,,,,,"",,"",No
A Brief History of Time,Stephen Hawking,"",9780553380163,paperback,read,2016/05/10,"","",1,"",,,,,,,5.0,,"",,"",No
The Five Dysfunctions of a Team: A Leadership Fable,Patrick Lencioni,"",9780787960759,hardcover,read,2024/11/10,2024/11/12,2024/11/10-2024/11/12,1,"",,,,,,,,,"",,"",No
Fight Club,Chuck Palahniuk,"",9780393327342,paperback,read,2016/05/10,"","",1,"",,,,,,,5.0,,"",,"",No
God Knows,Joseph Heller,"",9780684841250,paperback,read,2022/08/27,2022/10/04,2022/10/04,1,"",,,,,,,2.0,,"",,"",No
Swann's Way,Marcel Proust,"Lydia Davis (Translator), Lydia Davis (Contributor), Christopher Prendergast (Contributor)",9780142437964,paperback,read,2017/08/03,"","",1,"",,,,,,,,,"",,"",No
Zero: The Biography of a Dangerous Idea,Charles Seife,"",9780140296471,paperback,read,2026/06/08,2026/06/15,2026/06/11-2026/06/15,1,"",,,,,,,5.0,"","","","",No
It,Stephen King,"Jacques Meerman (Translator), Jan Smit (Translator), Theo Horsten (Translator)",9780450411434,paperback,read,2025/11/23,2026/01/12,2025/11/23-2026/01/12,1,"",,,,,,,,,"",,"",No
The Broom of the System,David Foster Wallace,"",9780142002421,paperback,read,2018/12/21,2019/01/13,2019/01/13,1,"",,,,,,,5.0,,"",,"",No
Homicide: A Year on the Killing Streets,David Simon,"",9780805080759,paperback,read,2016/10/02,"","",1,"",,,,,,,5.0,,"",,"",No
The 5 Types of Wealth,Sahil Bloom,"",9780593723180,hardcover,to-read,2025/01/15,"","",0,"",,,,,,,,,"",,"",No
"The Gulag Archipelago, Abridged Edition",Aleksandr Solzhenitsyn,"Thomas P. Whitney (Translator), H.T. Willetts (Translator)",9781784871512,paperback,read,2024/06/20,2025/07/18,2024/06/20-2025/07/18,1,"",,,,,,,,,"",,"",No
Propaganda,Edward Bernays,"",9780970312594,paperback,to-read,2017/08/16,"","",0,"",,,,,,,,,"",,"",No
Man of the House: The Life and Political Memoirs of Speaker Tip O'Neill .,"William Novak, Tip O'Neill","",,,to-read,2024/07/02,"","",0,"",,,,,,,,,"",,"",No
The Power of Meaning: Crafting a Life That Matters,Emily Esfahani Smith,"",9780553419993,hardcover,read,2018/01/10,2018/01/15,2018/01/15,1,"",,,,,,,,,"",,"",No
The Floating Opera and the End of the Road,John Barth,"",9780385240895,paperback,read,2017/04/09,"","",1,"",,,,,,,,,"",,"",No
The Rise of the Ultra Runners: A Journey to the Edge of Human Endurance,Adharanand Finn,"",9781643131351,hardcover,read,2022/05/30,2022/06/06,2022/06/06,1,"",,,,,,,,,"",,"",No
Querelle de Brest,Jean Genet,"",2070263290,paperback,read,2016/05/09,"","",1,"",,,,,,,4.0,,"",,"",No
Embracing Defeat: Japan in the Wake of World War II,John W. Dower,"",9780393320275,paperback,to-read,2025/02/17,"","",0,"",,,,,,,,,"",,"",No
The Redeemer,Jo Nesbø,Don Bartlett (Translator),9781409075851,digital,read,2023/02/25,"","",2,"",,,,,,,,,"",,"",No
Flourish: A Visionary New Understanding of Happiness and Well-Being,Martin Seligman,"",9781439190753,hardcover,to-read,2020/03/21,"","",0,"",,,,,,,,,"",,"",No
Why We're Polarized,Ezra Klein,"",9781476700328,hardcover,read,2021/04/23,2021/05/03,2021/05/03,1,"",,,,,,,5.0,,"",,"",No
The Mayor of MacDougal Street,Dave Van Ronk,Elijah Wald,9780306814792,paperback,read,2017/04/11,2017/08/30,2017/08/30,1,"",,,,,,,,,"",,"",No
A Confederacy of Dunces,John Kennedy Toole,"",9780802130204,paperback,read,2019/12/29,"","",1,"",,,,,,,,,"",,"",No
"The Wager: A Tale of Shipwreck, Mutiny, and Murder",David Grann,"",9780385534260,hardcover,read,2025/09/11,2025/09/22,2025/09/11-2025/09/22,1,"",,,,,,,,,"",,"",No
My Struggle: Book 1,"Don Bartlett, Edoardo Ballerini, Karl Ove Knausgård","","",paperback,read,2019/05/25,2019/06/11,2019/06/11,1,"",,,,,,,5.0,,"",,"",No
"The Baby Owner's Manual: Operating Instructions, Trouble-Shooting Tips & Advice on First-Year Maintenance",Louis Borgenicht,"Joe Borgenicht, Paul Kepple",9781931686235,paperback,currently-reading,2026/01/03,"","",0,"",,,,,,,,,"",,"",No
The Historian,Elizabeth Kostova,"",9780751537284,paperback,read,2020/09/22,2020/10/21,2020/10/21,1,"",,,,,,,,,"",,"",No
The Story of Hebrew,Lewis Glinert,"",9780691153292,hardcover,to-read,2026/03/13,"","",0,"",,,,,,,,,"",,"",No
Kosher Nation: Why More and More of America's Food Answers to a Higher Authority,Sue Fishkoff,"",9780805242652,hardcover,currently-reading,2026/07/04,"","",0,"",,,,,,,,,"",,"",No
Expecting Better: Why the Conventional Pregnancy Wisdom is Wrong - and What You Really Need to Know,Emily Oster,"",9781594204753,hardcover,read,2024/12/26,2025/08/12,2024/12/26-2025/08/12,1,"",,,,,,,,,"",,"",No
Meditations in an Emergency,Frank O'Hara,"",9780802134523,paperback,to-read,2018/12/21,"","",0,"",,,,,,,,,"",,"",No
Sixty Stories,Donald Barthelme,"",9780141180939,paperback,read,2016/09/04,2017/11/25,2017/11/25,1,"",,,,,,,5.0,,"",,"",No
The Satanic Verses,Salman Rushdie,"",9780312270827,paperback,to-read,2022/09/10,"","",0,"",,,,,,,,,"",,"",No
The Man Who Knew Infinity: A Life of the Genius Ramanujan,Robert Kanigel,"",9780349104522,paperback,to-read,2016/12/10,"","",0,"",,,,,,,,,"",,"",No
Red Dragon,Thomas Harris,"",9780099532934,paperback,read,2025/05/19,2025/05/24,2025/05/19-2025/05/24,1,"",,,,,,,,,"",,"",No
Project Management for the Unofficial Project Manager,"Suzette Blakemore, James Wood, Kory Kogon","",9781941631102,paperback,read,2024/11/10,2024/11/17,2024/11/10-2024/11/17,1,"",,,,,,,,,"",,"",No
Between the World and Me,Ta-Nehisi Coates,"",9781925240702,paperback,read,2017/08/21,2018/01/01,2018/01/01,1,"",,,,,,,,,"",,"",No
"Here All Along: Finding Meaning, Spirituality, and a Deeper Connection to Life - In Judaism (After Finally Choosing to Look There)",Sarah Hurwitz,"",9780525510710,hardcover,to-read,2026/07/05,"","",0,"",,,,,,,,,"",,"",No
The Stand,Stephen King,Bernie Wrightson (Illustrator),9780385199575,hardcover,read,2016/10/25,"","",1,"",,,,,,,,,"",,"",No
Middlesex,Jeffrey Eugenides,"",9780312422158,paperback,read,2017/06/13,"","",1,"",,,,,,,,,"",,"",No
The Beach,Alex Garland,"",9781573226523,paperback,to-read,2019/01/06,"","",0,"",,,,,,,,,"",,"",No
Bury My Heart at Wounded Knee: An Indian History of the American West,Dee Brown,"",9780805066692,paperback,to-read,2016/10/25,"","",0,"",,,,,,,,,"",,"",No
The Loser,Thomas Bernhard,"",9781400077540,paperback,read,2019/06/11,2019/07/15,2019/07/15,1,"",,,,,,,,,"",,"",No
The Green Mile,Stephen King,"",9780451933027,paperback,read,2025/11/15,2025/11/23,2025/11/15-2025/11/23,1,"",,,,,,,,,"",,"",No
In Our Time,Ernest Hemingway,"",9780684822768,paperback,read,2019/12/29,2018/01/01,2018/01/01,1,"",,,,,,,2.0,,"",,"",No
Oblivion: Stories,David Foster Wallace,"",9780316010764,paperback,read,2016/07/31,2017/02/16,2017/02/16,1,"",,,,,,,4.0,,"",,"",No
Darwin's Dangerous Idea: Evolution and the Meanings of Life,Daniel C. Dennett,"",9780684824710,paperback,to-read,2017/08/08,"","",0,"",,,,,,,,,"",,"",No
Phaedo,Plato,"R.D. Archer-Hind, David Gallop",9780192839534,paperback,read,2016/05/09,"","",1,"",,,,,,,3.0,,"",,"",No
The Rise and Fall of the Third Reich: A History of Nazi Germany,William L. Shirer,"",9780671728687,paperback,to-read,2025/04/20,"","",0,"",,,,,,,,,"",,"",No
"Moby-Dick: Or, the Whale",Herman Melville,"",0142437247,paperback,read,2019/12/29,"","",1,"",,,,,,,,,"",,"",No
Nemesis,Jo Nesbø,"",9780061655517,paperback,read,2023/06/28,2023/07/04,2023/07/04,1,"",,,,,,,,,"",,"",No
On the Road,Jack Kerouac,"",9780140042597,paperback,read,2016/05/09,"","",1,"",,,,,,,5.0,,"",,"",No
1-2-3 Magic: Effective Discipline for Children 2-12,Thomas W. Phelan,"",9781889140162,paperback,to-read,2024/07/02,"","",0,"",,,,,,,,,"",,"",No
How China Became Capitalist,"N. Wang, R. Coase","",9781137019363,hardcover,read,2017/12/17,2018/03/13,2018/03/13,1,"",,,,,,,,,"",,"",No
Fashionable Nonsense: Postmodern Intellectuals' Abuse of Science,"Alan Sokal, Jean Bricmont","",9780312204075,paperback,to-read,2017/04/19,"","",0,"",,,,,,,,,"",,"",No
Doing Good Better: How Effective Altruism Can Help You Make a Difference,William MacAskill,"",9781592409105,hardcover,read,2022/01/04,2023/12/27,2023/12/27,1,"",,,,,,,,,"",,"",No
East of Eden,John Steinbeck,David Wyatt (Contributor),9780142000656,paperback,read,2020/12/22,2020/12/22,2020/12/22,1,"",,,,,,,5.0,,"",,"",No
All the Light We Cannot See,Anthony Doerr,"",9781476746586,hardcover,read,2019/12/29,"","",1,"",,,,,,,,,"",,"",No
Poor Economics: A Radical Rethinking of the Way to Fight Global Poverty,"Esther Duflo, Abhijit V. Banerjee","",9781586487980,hardcover,read,2021/03/17,2021/03/17,2021/03/17,1,"",,,,,,,,,"",,"",No
Oryx and Crake,Margaret Atwood,"",9780747562597,hardcover,read,2022/11/26,2023/03/26,2023/03/26,1,"",,,,,,,,,"",,"",No
King Leopold's Ghost,Adam Hochschild,"",9780618001903,paperback,to-read,2016/10/25,"","",0,"",,,,,,,,,"",,"",No
Everyday Holiness: the Jewish Spiritual Path of Mussar,Alan Morinis,"",,,paused,2025/10/22,"","",0,"",,,,,,,,,"",,"",No
And Then There Were None,Agatha Christie,"",9780312330873,paperback,to-read,2026/06/08,"","",0,"",,,,,,,,,"",,"",No
"Prescription for Pain: How a Once-Promising Doctor Became the ""Pill Mill Killer""",Philip Eil,"",9781586423827,hardcover,read,2025/04/21,2025/08/16,2025/04/21-2025/08/16,1,"",,,,,,,,,"",,"",No
The Third Door: The Wild Quest to Uncover How the World's Most Successful People Launched Their Careers,Alex Banayan,"",9780804136662,hardcover,to-read,2025/12/31,"","",0,"",,,,,,,,,"",,"",No
The Tunnel,William H. Gass,"",9781564782137,paperback,did-not-finish,2017/10/24,"","",0,"",,,,,,,,,"",,shelfed,No
Der Wurm in unserem Herzen: Wie das Wissen um die Sterblichkeit unser Leben beeinflusst,"Jeff Greenberg, Tom Pyszczynski, Sheldon Solomon",Susanne Kuhlmann-Krieg (Translator),9781400067473,digital,to-read,2022/09/10,"","",0,"",,,,,,,,,"",,"",No
Crime and Punishment,Fyodor Dostoevsky,"Larissa Volokhonsky (Translator), Richard Pevear (Translator)",9780679734505,paperback,to-read,2022/01/09,"","",0,"",,,,,,,,,"",,"",No
Basic Economics: A Common Sense Guide to the Economy,Thomas Sowell,"",9780465060733,hardcover,to-read,2025/12/31,"","",0,"",,,,,,,,,"",,"",No
Embers of War: The Fall of an Empire and the Making of America's Vietnam,Fredrik Logevall,"",9780375504426,hardcover,to-read,2023/04/29,"","",0,"",,,,,,,,,"",,"",No
Judaism's Life-Changing Ideas: A Weekly Reading of the Jewish Bible,Jonathan Sacks,"",9781592645527,hardcover,read,2024/12/16,2025/10/11,2024/12/16-2025/10/11,1,"",,,,,,,,,"",,"",No
The Shock Doctrine,Naomi Klein,"",9780805079838,hardcover,read,2022/11/26,2023/02/01,2023/02/01,1,"",,,,,,,,,"","","",No
"The Code Breaker: Jennifer Doudna, Gene Editing, and the Future of the Human Race",Walter Isaacson,"",9781982115852,hardcover,to-read,2026/06/11,"","",0,"",,,,,,,,,"",,"",No
Don Quixote,Miguel de Cervantes,"",B08NXVW36N,digital,to-read,2019/05/09,"","",0,"",,,,,,,,,"",,"",No
"Farewell, My Lovely",Raymond Chandler,"",9780394758275,paperback,read,2026/05/19,2026/06/01,2026/05/19-2026/06/01,1,"",,,,,,,,,"",,"",No
Heidegger,Richard Polt,"",9780801485640,paperback,to-read,2024/04/24,"","",0,"",,,,,,,,,"",,"",No
My Father's Paradise: A Son's Search for His Jewish Past in Kurdish Iraq,Ariel Sabar,"",9781565124905,hardcover,read,2026/01/26,2026/03/13,2026/02/02-2026/03/13,1,"",,,,,,,,,"",,"",No
The Redbreast,Jo Nesbø,Don Bartlett (Translator),9781843432173,paperback,read,2021/07/18,2022/08/05,2022/08/05,1,"",,,,,,,5.0,,"",,"",No
Invisible Influence: The Hidden Forces that Shape Behavior,Jonah Berger,"",9781476759692,hardcover,read,2018/04/18,2018/04/19,2018/04/19,2,"",,,,,,,,,"",,"",No
Incest,Marquis de Sade,Andrew Brown (Translator),9781847492975,paperback,read,2016/05/09,"","",1,"",,,,,,,4.0,,"",,"",No
Can We Be Happier?: Evidence and Ethics,Richard Layard,"",9780241429990,hardcover,to-read,2021/04/27,"","",0,"",,,,,,,,,"",,"",No
"Unbroken: A World War II Story of Survival, Resilience, and Redemption",Laura Hillenbrand,"",9781400064168,hardcover,read,2017/05/17,"","",1,"",,,,,,,5.0,,"",,"",No
The Rise of Theodore Roosevelt,Edmund Morris,"",9780375756788,paperback,to-read,2024/07/28,"","",0,"",,,,,,,,,"",,"",No
The Savage Detectives,Roberto Bolaño,Natasha Wimmer (Translator),9780374191481,hardcover,read,2022/05/17,2022/07/12,2022/07/12,1,"",,,,,,,,,"",,"",No
The Time of the Hero,Mario Vargas Llosa,"",9780571173204,paperback,read,2024/07/24,2025/05/07,2025/04/17-2025/05/07,1,"",,"","","","","",5.0,,"","","",No
How I Became a Famous Novelist,Steve Hely,"",9780802170606,paperback,read,2019/03/06,2019/03/20,2019/03/20,1,"",,,,,,,,,"",,"",No
A Brief History of Seven Killings,Marlon James,"",9781594486005,hardcover,read,2019/05/09,2019/06/11,2019/06/11,1,"",,,,,,,5.0,,"",,"",No
Candide,Voltaire,"",9780486266893,paperback,read,2016/05/09,"","",1,"",,,,,,,5.0,,"",,"",No
Infidel,Ayaan Hirsi Ali,"",9780743289689,hardcover,read,2024/11/10,2024/11/18,2024/11/10-2024/11/18,1,informative,medium,,,,,,5.0,"","","","",No
The Code Book: The Science of Secrecy from Ancient Egypt to Quantum Cryptography,Simon Singh,"",9780385495325,paperback,to-read,2026/06/11,"","",0,"",,,,,,,,,"",,"",No
The Hitchhiker's Guide to the Galaxy,Douglas Adams,"",0345391802,paperback,read,2019/10/14,2019/10/14,2019/10/14,1,"",,,,,,,,,"",,"",No
Behave: The Biology of Humans at Our Best and Worst,Robert M. Sapolsky,"",9781594205071,hardcover,read,2018/04/26,2018/07/20,2018/07/20,1,"",,,,,,,5.0,,"",,"",No
1984,George Orwell,"",9781328869333,hardcover,read,2016/05/10,"","",1,"",,,,,,,5.0,,"",,"",No
The Faculty of Dreams,Sara Stridsberg,Deborah Bragan-Turner,9780857054722,paperback,read,2019/12/29,"","",1,"",,,,,,,,,"",,"",No
Engine Empire: Poems,Cathy Park Hong,"",,paperback,to-read,2017/01/09,"","",0,"",,,,,,,,,"",,"",No
Running the Light,Sam Tallent,"",9798617909809,paperback,to-read,2025/03/14,"","",0,"",,,,,,,,,"",,"",No
When: The Scientific Secrets of Perfect Timing,Daniel H. Pink,"",9780735210622,hardcover,read,2018/12/27,2018/12/29,2018/12/29,1,"",,,,,,,,,"",,"",No
Designing Your Life: Build a Life that Works for You,"Bill Burnett, Dave Evans","",9781784740245,paperback,read,2020/09/22,2020/09/22,2020/09/22,1,"",,,,,,,,,"",,"",No
Harry Potter and the Deathly Hallows,J.K. Rowling,"",9781408855713,paperback,read,2016/05/10,"","",1,"",,,,,,,4.0,,"",,"",No
New York 2140,Kim Stanley Robinson,"",9780316262347,hardcover,read,2022/11/26,2023/02/05,2023/02/05,1,"",,,,,,,,,"",,"",No
I Hate the Ivy League: Riffs and Rants on Elite Education,Malcolm Gladwell,"",B09X8J8BS6,audio,to-read,2022/10/17,"","",0,"",,,,,,,,,"",,"",No
On Democracies and Death Cults: Israel and the Future of Civilization,Douglas Murray,"",9780063437135,hardcover,read,2025/06/23,2025/08/11,2025/06/23-2025/08/11,1,"",,,,,,,5.0,"","","","",No
Atomic Habits: An Easy & Proven Way to Build Good Habits & Break Bad Ones,James Clear,Elisabeth van Borselen (Translator),9780735211292,hardcover,read,2021/09/23,2021/10/23,2021/10/23,1,"",,,,,,,,,"",,"",No
Broken Lives: How Ordinary Germans Experienced the 20th Century,Konrad H. Jarausch,"",9780691174587,hardcover,to-read,2023/04/29,"","",0,"",,,,,,,,,"",,"",No
The Last Temptation of Christ,Nikos Kazantzakis,"",9780684852560,paperback,to-read,2024/07/02,"","",0,"",,,,,,,,,"",,"",No
The War of the Worlds,H.G. Wells,"",9780375759239,paperback,read,2019/12/02,2019/12/15,2019/12/15,1,"",,,,,,,,,"",,"",No
Happiness Is a Serious Problem: A Human Nature Repair Manual,Dennis Prager,"",9780060987350,paperback,to-read,2025/03/23,"","",0,"",,,,,,,,,"",,"",No
The Backyard Adventurer,Beau Miles,"",9781925589672,paperback,read,2022/01/31,2022/06/13,2022/06/13,1,"",,,,,,,5.0,,"",,"",No
Tell No One,Harlan Coben,"",9780440236702,paperback,read,2024/12/13,2024/12/17,2024/12/13-2024/12/17,1,"",,,,,,,,,"",,"",No
All the King's Men,Robert Penn Warren,"",9780156012959,paperback,to-read,2018/08/04,"","",0,"",,,,,,,,,"",,"",No
Take Five,D. Keith Mano,"",9781564781932,paperback,read,2019/12/29,"","",1,"",,,,,,,,,"",,"",No
The Pale King,David Foster Wallace,"",9780316074230,hardcover,read,2018/05/16,2018/05/27,2018/05/27,1,"",,,,,,,,,"",,"",No
Tropic of Cancer,Henry Miller,"",9780802131782,paperback,read,2018/07/18,2018/07/28,2018/07/28,1,"",,,,,,,,,"",,"",No
Pet Sematary,Stephen King,"",9780743412285,paperback,read,2020/04/02,2020/04/15,2020/04/15,1,"",,,,,,,,,"",,"",No
Joseph and His Brothers,Thomas Mann,John E. Woods (Translator),9781400040018,hardcover,to-read,2023/01/08,"","",0,"",,,,,,,,,"",,"",No
"Wind, Sand and Stars",Antoine de Saint-Exupéry,"",9780156027496,paperback,to-read,2024/06/20,"","",0,"",,,,,,,,,"",,"",No
How to Lie with Statistics,Darrell Huff,Irving Geis (Illustrator),9780393310726,paperback,read,2018/05/17,2018/05/25,2018/05/25,1,"",,,,,,,,,"",,"",No
The Girl with the Dragon Tattoo,Stieg Larsson,Reg Keeland (Translator),9780670069019,hardcover,read,2018/08/12,2018/08/13,2018/08/13,1,"",,,,,,,,,"",,"",No
Worth the Candle,Alexander Wales,"","",digital,to-read,2022/01/20,"","",0,"",,,,,,,,,"",,"",No
Hardly Working: A Semi-Auto Fiction,Caleb Caudell,"",9780645776874,paperback,read,2025/02/17,2025/02/27,2025/02/16-2025/02/27,1,"",,,,,,,,,"",,"",No
A Man in Full,Tom Wolfe,"",9780553381337,paperback,to-read,2025/12/31,"","",0,"",,,,,,,,,"",,"",No
The Snowman,Jo Nesbø,Don Bartlett (Translator),9780307595867,hardcover,read,2023/05/31,2023/06/10,2023/06/10,1,"",,,,,,,,,"",,"",No
The Third Policeman,Flann O'Brien,"",9781564782144,paperback,to-read,2017/09/16,"","",0,"",,,,,,,,,"",,"",No
Homo Deus: A History of Tomorrow,Yuval Noah Harari,"",9781473545571,paperback,read,2018/01/14,2018/01/14,2018/01/14,1,"",,,,,,,5.0,,"",,"",No
Unsong,Scott Alexander,"","",digital,read,2021/10/23,2021/11/14,2021/11/14,1,"",,,,,,,5.0,,"",,"",No
How to Change Your Mind,Michael Pollan,"",9780241294222,hardcover,read,2022/05/16,2022/05/16,2022/05/16,1,"",,,,,,,5.0,,"",,"",No
"Troubled: A Memoir of Foster Care, Family, and Social Class",Rob Henderson,"",9781982168537,hardcover,read,2024/02/21,2024/03/04,2024/02/21-2024/03/04,1,"",,,,,,,,,"",,"",No
Bewilderment,Richard Powers,"",9780393881141,hardcover,read,2022/03/29,"","",2,"",,,,,,,5.0,"Beautiful, prescient, and heartbreaking. Reminded me of McCarthy's <i>The Road</i>, except that it was actually enjoyable to read...","",,"",No
The Right Stuff,Tom Wolfe,"",9780553381351,paperback,read,2018/05/29,2018/06/14,2018/06/14,1,"",,,,,,,,"Great, except for the disturbing use of exclamation points","",,"",No
"What Is Intelligence?: Lessons from AI about Evolution, Computing, and Minds",Blaise Agüera y Arcas,"","",digital,to-read,2025/12/31,"","",0,"",,,,,,,,,"",,"",No
Being There: Why Prioritizing Motherhood in the First Three Years Matters,Erica Komisar,Wendy Tremont King (Narrator),9781681685045,audio,to-read,2025/06/10,"","",0,"",,,,,,,,,"",,"",No
Hard-Boiled Wonderland and the End of the World,Haruki Murakami,Alfred Birnbaum (Translator),9781448103683,digital,read,2016/05/10,"","",1,"",,,,,,,5.0,,"",,"",No
Life of Pi,Yann Martel,"",9780770430078,paperback,read,2016/05/10,"","",1,"",,,,,,,3.0,,"",,"",No
Justice: What's the Right Thing to Do?,Michael J. Sandel,"",9780374180652,hardcover,read,2019/02/16,2019/09/02,2019/09/02,1,"",,,,,,,,,"",,"",No
Covenant With Death,John Harris,"",,,to-read,2016/12/22,"","",0,"",,,,,,,,,"",,"",No
The Time Traveller's Guide to Medieval England: A Handbook for Visitors to the Fourteenth Century,Ian Mortimer,"",9780224079945,hardcover,read,2018/06/03,2018/06/27,2018/06/27,1,"",,,,,,,,,"",,"",No
The Devil's Star,Jo Nesbø,Don Bartlett (Translator),9780099478539,paperback,read,2022/12/07,2022/12/12,2022/12/12,1,"",,,,,,,5.0,,"",,"",No
The 42nd Parallel,John Dos Passos,"",9780618056811,paperback,read,2016/12/11,2019/03/02,2019/03/02,1,"",,,,,,,,,"",,"",No
Catching Fire,Suzanne Collins,Nico Delort (Illustrator),9780439023498,hardcover,read,2017/06/05,"","",1,"",,,,,,,,,"",,"",No
Scattered All Over the Earth,Yoko Tawada,Margaret Mitsutani (Translator),9780811229289,paperback,to-read,2022/11/26,"","",0,"",,,,,,,,,"",,"",No
Harry Potter and the Order of the Phoenix,J.K. Rowling,Mary GrandPré (Illustrator),9780439358071,paperback,read,2016/05/10,"","",1,"",,,,,,,4.0,,"",,"",No
Submission by Michel Houellebecq,"Michel Houellebecq, Michel Houellebecq","",,,read,2026/03/14,2026/03/22,2026/03/18-2026/03/22,1,"",,,,,,,,,"",,"",No
In Defense of Food: An Eater's Manifesto,Michael Pollan,"",9781594201455,hardcover,read,2016/05/09,"","",1,"",,,,,,,4.0,,"",,"",No
Catch-22,Joseph Heller,Howard Jacobson (Contributor),9780684833392,paperback,read,2016/05/10,2025/08/10,2025/07/12-2025/08/10,2,"",,,,,,,5.0,,"",,"",No
This Is Your Mind on Plants,Michael Pollan,"",9780593296905,hardcover,read,2026/06/30,2026/07/04,2026/06/30-2026/07/04,1,"",,,,,,,,,"",,"",No
The Quick Fix: Why Fad Psychology Can't Cure Our Social Ills,Jesse Singal,"",9780374239800,hardcover,to-read,2022/10/23,"","",0,"",,,,,,,,,"",,"",No
Forty Signs of Rain,Kim Stanley Robinson,"",9780553585803,paperback,to-read,2022/11/26,"","",0,"",,,,,,,,,"",,"",No
The Pearl,John Steinbeck,"",9780142000694,paperback,read,2023/06/12,2023/06/21,2023/06/21,1,"",,,,,,,,,"",,"",No
The Pillars of the Earth,Ken Follett,"",9780688046590,hardcover,read,2016/09/04,"","",1,"",,,,,,,,,"",,"",No
Invisible Man,Ralph Ellison,"",9780241970560,paperback,read,2017/12/14,"","",1,"",,,,,,,5.0,,"",,"",No
Brave New World,Aldous Huxley,"",9780060929879,paperback,read,2016/05/10,"","",1,"",,,,,,,5.0,,"",,"",No
Just Giving: Why Philanthropy Is Failing Democracy and How It Can Do Better,Rob Reich,"",9780691183497,hardcover,to-read,2021/03/03,"","",0,"",,,,,,,,,"",,"",No
Man's Search for Meaning,Viktor E. Frankl,"Harold S. Kushner (Contributor), William J. Winslade (Contributor), Isle Lasch (Translator)",9780807014295,paperback,read,2016/05/10,"","",1,"",,,,,,,5.0,,"",,"",No
The Impossible First: From Fire to Ice--Crossing Antarctica Alone,Colin O'Brady,"",9781982133115,hardcover,to-read,2021/07/18,"","",0,"",,,,,,,,,"",,"",No
Girls®: Generation Z and the Commodification of Everything,Freya India,"",9781800754713,hardcover,to-read,2026/03/11,"","",0,"",,,,,,,,,"",,"",No
Tractatus Logico-Philosophicus,Ludwig Wittgenstein,"David Francis Pears (Translator), Brian McGuinness (Translator), Bertrand Russell",9780415254083,paperback,read,2017/07/28,"","",1,"",,,,,,,,,"",,"",No
True Grit,Charles Portis,"",9781585673698,paperback,to-read,2026/04/26,"","",0,"",,,,,,,,,"",,"",No
The Intentional Father: A Practical Guide to Raise Sons of Courage and Character,Jon Tyson,"",9780801018688,hardcover,to-read,2024/12/14,"","",0,"",,,,,,,,,"",,"",No
Knife,Jo Nesbø,Neil Smith (Translator),9781787300767,hardcover,read,2025/03/28,2025/04/17,2025/03/28-2025/04/17,1,"",,,,,,,,,"",,"",No
Travels with Charley in Search of America,John Steinbeck,Jay Parini (Contributor),9780142000700,paperback,read,2016/12/05,"","",1,"",,,,,,,3.0,,"",,"",No
The Lady in the Lake,Raymond Chandler,"",9780394758251,paperback,read,2026/06/02,2026/07/06,2026/06/01-2026/07/06,1,"",,,,,,,,,"",,"",No
"Rabbit, Run",John Updike,"",9780449911655,paperback,read,2016/10/25,"","",1,"",,,,,,,4.0,,"",,"",No
Last of the Breed,Louis L'Amour,"",9780553280425,paperback,to-read,2026/04/26,"","",0,"",,,,,,,,,"",,"",No
As I Lay Dying,William Faulkner,"",9781925788150,digital,read,2016/05/09,"","",1,"",,,,,,,4.0,,"",,"",No
Ayoade on Ayoade: A Cinematic Odyssey,Richard Ayoade,"",9780571316526,paperback,read,2020/01/05,2020/01/05,2020/01/05,1,"",,,,,,,,,"",,"",No
Apple in China: The Capture of the World's Greatest Company,Patrick McGee,"",9781668053379,hardcover,read,2025/05/15,2025/08/14,2025/05/15-2025/08/14,1,"",,,,,,,,,"",,"",No
What I Talk About When I Talk About Running,Haruki Murakami,Philip Gabriel (Translator),9780307269195,hardcover,read,2018/12/27,2022/06/08,2022/06/08,1,"",,,,,,,,,"",,"",No
A New Name: Septology VI-VII,Jon Fosse,"",9781913097721,paperback,to-read,2022/11/26,"","",0,"",,,,,,,,,"",,"",No
Great Expectations,Charles Dickens,"",9780307947161,paperback,read,2016/05/10,"","",1,"",,,,,,,3.0,,"",,"",No
Fire in the Hole,Elmore Leonard,"",9780062208118,digital,to-read,2022/09/10,"","",0,"",,,,,,,,,"",,"",No
Beyond Band of Brothers: The War Memoirs of Major Dick Winters,"Cole C. Kingseed, Dick Winters","",9780425208137,hardcover,read,2024/03/23,2024/04/08,2024/03/23-2024/04/08,1,"",,,,,,,,,"",,"",No
Gravity's Rainbow,Thomas Pynchon,"Frank Miller (Illustrator), George Guidall (Narrator)",9780143039945,paperback,read,2019/12/29,"","",1,"",,,,,,,,,"",,"",No
The Ministry for the Future,Kim Stanley Robinson,"",9780316300148,paperback,read,2021/01/19,2021/01/19,2021/01/19,1,"",,,,,,,4.0,,"",,"",No
Light of the Stars: Alien Worlds and the Fate of the Earth,Adam Frank,"",9780393609011,hardcover,to-read,2022/11/26,"","",0,"",,,,,,,,,"",,"",No
Scar Tissue,Anthony Kiedis,"",9781401307455,paperback,read,2016/05/10,"","",1,"",,,,,,,4.0,,"",,"",No
The Alexandria Quartet,Lawrence Durrell,"",9780140153170,paperback,to-read,2016/12/22,"","",0,"",,,,,,,,,"",,"",No
The Bad Girl,Mario Vargas Llosa,"",9780571234110,paperback,read,2024/07/24,2024/08/20,2024/08/17-2024/08/20,1,"",,,,,,,,,"",,"",No
Open,Andre Agassi,"",9780307268198,hardcover,read,2021/09/16,2022/08/15,2022/08/15,1,"",,,,,,,,,"",,"",No
Norwegian Wood,Haruki Murakami,Jay Rubin (Translator),9780375704024,paperback,read,2016/05/10,"","",1,"",,,,,,,4.0,,"",,"",No
One Hundred Years of Solitude,Gabriel García Márquez,"Gregory Rabassa (Translator), John Rafter Lee (Narrator)",9781483086859,audio,read,2016/05/09,"","",1,"",,,,,,,5.0,,"",,"",No
The Art of Social Theory,Richard Swedberg,"",9780691155227,hardcover,read,2019/03/10,2019/01/01,2019/01/01,1,"",,,,,,,,,"",,"",No
"Stubborn Attachments: A Vision for a Society of Free, Prosperous, and Responsible Individuals",Tyler Cowen,"",9781732265134,hardcover,to-read,2021/02/21,"","",0,"",,,,,,,,,"",,"",No
All the Shah's Men: An American Coup and the Roots of Middle East Terror,Stephen Kinzer,"",9780471678786,paperback,to-read,2017/01/26,"","",0,"",,,,,,,,,"",,"",No
Chip War: The Fight for the World's Most Critical Technology,Chris Miller,"",9781982172008,hardcover,to-read,2025/12/31,"","",0,"",,,,,,,,,"",,"",No
The Good Life: Lessons from the World's Longest Scientific Study of Happiness,"Robert Waldinger, Marc Schulz","",9781982166694,hardcover,to-read,2023/03/02,"","",0,"",,,,,,,,,"",,"",No
100 Selected Poems,E.E. Cummings,"",9780802130723,paperback,read,2016/12/05,2017/12/19,2017/12/19,1,"",,,,,,,,,"",,"",No
Toward a Meaningful Life: The Wisdom of the Rebbe Menachem Mendel Schneerson,Simon Jacobson,"",9780062988768,paperback,read,2024/10/29,2025/08/13,2024/11/10-2025/08/13,1,"",,,,,,,5.0,"","","","",No
Jews of Silence,"Neal Kozodoy, Elie Wiesel","","",,read,2025/11/02,2025/11/10,2025/11/02-2025/11/10,1,"",,,,,,,,,"",,"",No
The Journal of Albion Moonlight,Kenneth Patchen,"",9780811222051,paperback,to-read,2017/03/07,"","",0,"",,,,,,,,,"",,"",No
Existentialism Is a Humanism,Jean-Paul Sartre,"Arlette Elkaïm-Sartre (Contributor), Carol Macomber (Translator), Annie Cohen-Solal (Contributor)",9780300115468,paperback,read,2017/08/24,"","",1,"",,,,,,,,,"",,"",No
"Et Tu, Babe",Mark Leyner,"",9780679745068,paperback,to-read,2019/03/23,"","",0,"",,,,,,,,,"",,"",No
"Endure: Mind, Body, and the Curiously Elastic Limits of Human Performance",Alex Hutchinson,"",9781538502013,audio,read,2022/05/25,2022/05/30,2022/05/30,1,"",,,,,,,,,"",,"",No
Missing Microbes: How the Overuse of Antibiotics Is Fueling Our Modern Plagues,Martin J. Blaser,"",9780805098105,hardcover,to-read,2018/07/09,"","",0,"",,,,,,,,,"",,"",No
"Nietzsche: Philosopher, Psychologist, Antichrist",Walter Arnold Kaufmann,"",9780691019833,paperback,read,2016/12/05,2017/05/18,2017/05/18,1,"",,,,,,,5.0,,"",,"",No
2666,Roberto Bolaño,"",9788433968678,paperback,read,2019/12/29,"","",1,"",,,,,,,,,"",,"",No
The Plague,Albert Camus,Stuart Gilbert (Translator),9780075536499,paperback,read,2018/08/18,2018/11/02,2018/11/02,1,"",,,,,,,,,"",,"",No
The Structure of Scientific Revolutions,Thomas S. Kuhn,"",9780226458083,paperback,read,2017/04/01,2018/05/11,2018/05/11,1,"",,,,,,,,,"",,"",No
Wellness,Nathan Hill,"",9780593536117,hardcover,read,2024/04/07,2024/04/30,2024/04/07-2024/04/30,1,"",,,,,,,,,"",,"",No
Harry Potter and the Half-Blood Prince,J.K. Rowling,Stephen Fry (Narrator),9780747582618,audio,read,2016/05/10,"","",1,"",,,,,,,4.0,,"",,"",No
"Where the Wild Things Were: Life, Death, and Ecological Wreckage in a Land of Vanishing Predators",William Stolzenburg,"",9781608196456,digital,to-read,2020/04/16,"","",0,"",,,,,,,,,"",,"",No
Bloodlands: Europe Between Hitler and Stalin,Timothy Snyder,"",9780465002399,hardcover,to-read,2024/07/28,"","",0,"",,,,,,,,,"",,"",No
The Happiness Hypothesis: Finding Modern Truth in Ancient Wisdom,Jonathan Haidt,"",9780465028023,paperback,read,2024/03/08,2024/08/08,2024/03/08-2024/08/08,1,"",,,,,,,,,"",,"",No
Outlive: The Science and Art of Longevity,Peter Attia,Bill Gifford,9780593236598,hardcover,read,2023/02/01,2023/10/23,2023/10/23,1,"",,,,,,,5.0,,"",,"",No
"Disquiet, Please!: More Humor Writing from The New Yorker","David Remnick, Henry Finder","",,,read,2016/07/31,2017/07/24,2017/07/24,1,"",,,,,,,,,"",,"",No
"Stalin: Volume I: Paradoxes of Power, 1878-1928",Stephen Kotkin,"",9781594203794,hardcover,to-read,2024/07/28,"","",0,"",,,,,,,,,"",,"",No
The Lessons of History,"Ariel Durant, Will Durant","",9781567310245,hardcover,read,2018/03/27,2018/04/06,2018/04/06,2,"",,,,,,,,,"",,"",No
"R for Data Science: Import, Tidy, Transform, Visualize, and Model Data","Garrett Grolemund, Hadley Wickham","",9781491910399,paperback,read,2018/03/14,2018/05/28,2018/05/28,1,"",,,,,,,,,"",,"",No
The Inner Game of Tennis: The Classic Guide to the Mental Side of Peak Performance,W. Timothy Gallwey,"",9780679778318,paperback,to-read,2023/10/15,"","",0,"",,,,,,,,,"",,"",No
Flow: The Psychology of Optimal Experience,Mihaly Csikszentmihalyi,"",9780060920432,paperback,read,2018/03/13,2018/03/16,2018/03/16,1,"",,,,,,,,,"",,"",No
The Housekeeper and the Professor,Yōko Ogawa,Stephen Snyder (Translator),9780312427801,paperback,to-read,2026/01/03,"","",0,"",,,,,,,,,"",,"",No
The Ethics of Ambiguity,Simone de Beauvoir,Bernard Frechtman (Translator),9780806501604,paperback,to-read,2017/08/10,"","",0,"",,,,,,,,,"",,"",No
Into Thin Air: A Personal Account of the Mount Everest Disaster,Jon Krakauer,"",9780385492089,paperback,to-read,2019/01/19,"","",0,"",,,,,,,,,"",,"",No
Infinite Jest,David Foster Wallace,"",9780316921176,paperback,read,2017/08/21,2017/10/13,2017/10/13,1,"",,,,,,,5.0,,"",,"",No
A World Appears: A Journey into Consciousness,Michael Pollan,"",9781984881991,hardcover,to-read,2026/07/01,"","",0,"",,,,,,,,,"",,"",No
The Autobiography of Benjamin Franklin,Benjamin Franklin,Lewis Leary,9780743255066,paperback,read,2016/05/09,"","",1,"",,,,,,,4.0,,"",,"",No
The Sirens of Titan,Kurt Vonnegut,"",9780385333498,paperback,read,2016/05/10,"","",1,"",,,,,,,4.0,,"",,"",No
The Count of Monte Cristo,Alexandre Dumas,"Robin Buss (Translator), Robin Buss (Contributor)",9780140449266,paperback,read,2023/10/23,2024/02/02,2024/02/02,1,"",,,,,,,5.0,,"",,"",No
Under Saturn's Shadow: The Wounding and Healing of Men,James Hollis,"",,paperback,to-read,2024/09/02,"","",0,"",,,,,,,,,"",,"",No
The Mezzanine,Nicholson Baker,"",9780679725763,paperback,read,2017/03/07,"","",1,"",,,,,,,5.0,,"",,"",No
Shyness and Dignity,Dag Solstad,"Sverre Lyngstad (Translator), Sverre Lyngstad (Translator)",9781555974466,paperback,read,2016/12/13,"","",1,"",,,,,,,2.0,,"",,"",No
The Road,Cormac McCarthy,Manu Larcenet (Illustrator),9780307265432,hardcover,read,2016/12/05,"","",1,"",,,,,,,2.0,avant-garde wrapped in cellophane,"",,"",No
The Cleanest Race: How North Koreans See Themselves and Why It Matters,B.R. Myers,"",9781933633916,hardcover,to-read,2017/01/02,"","",0,"",,,,,,,,,"",,"",No
The Almost Nearly Perfect People: Behind the Myth of the Scandinavian Utopia,Michael Booth,"",9780224089623,paperback,to-read,2023/11/22,"","",0,"",,,,,,,,,"",,"",No
Thinking Statistically,Uri Bram,"",9780995529526,paperback,read,2018/01/29,2018/01/29,2018/01/29,1,"",,,,,,,,,"",,"",No
Europe Central,William T. Vollmann,"",9780143036593,paperback,to-read,2016/10/25,"","",0,"",,,,,,,,,"",,"",No
Into the Wild,Jon Krakauer,"","",paperback,read,2016/05/10,"","",1,"",,,,,,,5.0,,"",,"",No
"Work Won't Love You Back: How Devotion to Our Jobs Keeps Us Exploited, Exhausted, and Alone",Sarah Jaffe,"",9781568589398,hardcover,to-read,2023/02/05,"","",0,"",,,,,,,,,"",,"",No
What Maisie Knew,Henry James,"Patricia Crick, Paul Theroux",9780140432480,paperback,to-read,2016/12/08,"","",0,"",,,,,,,,,"",,"",No
The Metaphysical Club,Louis Menand,"",9780007126903,paperback,to-read,2024/03/23,"","",0,"",,,,,,,,,"",,"",No
The Omnivore's Dilemma: A Natural History of Four Meals,Michael Pollan,"",9781594200823,hardcover,read,2020/09/04,2021/01/30,2021/01/30,1,"",,,,,,,4.0,"Interesting premise, effusive writing about the often pedestrian topic of food, and often informative; yet in the back half of the book (and particularly when Joel enters the picture), fact and opinion get blurred together, knocking down what is otherwise a five-star read.","",,"",No
Steps,Jerzy Kosiński,"",9780802135261,paperback,to-read,2017/10/02,"","",0,"",,,,,,,,,"",,"",No
"A Fever in the Heartland: The Ku Klux Klan's Plot to Take Over America, and the Woman Who Stopped Them",Timothy Egan,"",9780735225268,hardcover,read,2026/06/21,2026/06/29,2026/06/21-2026/06/29,1,"",,,,,,,,,"",,"",No
Yearbook,Seth Rogen,"",9781984825407,hardcover,read,2022/06/14,2022/06/15,2022/06/15,1,"",,,,,,,,,"",,"",No
Permanent Record,Edward Snowden,"",9781250237231,hardcover,read,2019/11/25,2019/11/27,2019/11/27,1,"",,,,,,,,,"",,"",No
The War of Return: How Western Indulgence of the Palestinian Dream Has Obstructed the Path to Peace,"Adi Schwartz, Einat Wilf",Einat Wilf (Narrator),9781250252760,hardcover,to-read,2024/10/13,"","",0,"",,,,,,,,,"",,"",No
"Appeasement: Chamberlain, Hitler, Churchill, and the Road to War",Tim Bouverie,"",9780451499844,hardcover,to-read,2023/04/29,"","",0,"",,,,,,,,,"",,"",No
The Unbearable Lightness of Being,Milan Kundera,Michael Henry Heim (Translator),9780571224388,paperback,to-read,2016/10/25,"","",0,"",,,,,,,,,"",,"",No
Sabbath's Theater,Philip Roth,"",9780679772590,paperback,read,2016/05/10,"","",1,"",,,,,,,4.0,,"",,"",No
The Path to Power: The Years of Lyndon Johnson I,Robert A. Caro,"",9780679729457,paperback,read,2023/06/12,2023/09/09,2023/09/09,1,"",,,,,,,5.0,,"",,"",No
The Sandman Vol. 1: Preludes & Nocturnes,Neil Gaiman,"Karen Berger (Contributor), Malcolm Jones III (Illustrator), Mike Dringenberg (Illustrator), Sam Kieth (Illustrator)",9781563892271,hardcover,to-read,2017/01/17,"","",0,"",,,,,,,,,"",,"",No
"Cribsheet: A Data-Driven Guide to Better, More Relaxed Parenting, from Birth to Preschool",Emily Oster,"",9780525559252,hardcover,currently-reading,2024/09/02,"","",0,"",,,,,,,,,"",,"",No
Lonesome Dove,Larry McMurtry,"",9780671683900,paperback,to-read,2026/04/26,"","",0,"",,,,,,,,,"",,"",No
"The Words That Made Us: America's Constitutional Conversation, 1760-1840",Akhil Reed Amar,"",9780465096350,hardcover,to-read,2025/07/12,"","",0,"",,,,,,,,,"",,"",No
The Signal and the Noise: Why So Many Predictions Fail-But Some Don't,Nate Silver,"",9781594204111,hardcover,to-read,2017/05/17,"","",0,"",,,,,,,,,"",,"",No
A People's History of the United States,Howard Zinn,"",9780060838652,paperback,read,2016/05/09,2016/08/11,2016/08/11,1,"",,,,,,,3.0,,"",,"",No
So You've Been Publicly Shamed,Jon Ronson,"",9781594487132,hardcover,to-read,2024/03/27,"","",0,"",,,,,,,,,"",,"",No
Microserfs,Douglas Coupland,"",9780060987046,paperback,to-read,2018/07/02,"","",0,"",,,,,,,,,"",,"",No
"The Comfort Crisis: Embrace Discomfort to Reclaim Your Wild, Happy, Healthy Self",Michael Easter,"",9780593138762,hardcover,read,2023/12/27,2023/12/31,2023/12/31,1,"",,,,,,,,,"",,"",No
A Carnival of Snackery: Diaries 2003-2020,David Sedaris,"",9780316558792,hardcover,to-read,2023/04/29,"","",0,"",,,,,,,,,"",,"",No
Sometimes a Great Notion,Ken Kesey,"",9780140045291,paperback,to-read,2023/02/05,"","",0,"",,,,,,,,,"",,"",No
Everything Is Illuminated,Jonathan Safran Foer,"",9780060529703,paperback,read,2019/11/14,2019/11/25,2019/11/25,1,"",,,,,,,,,"",,"",No
Nine Princes in Amber,Roger Zelazny,Tim White,9780380014309,paperback,to-read,2025/12/31,"","",0,"",,,,,,,,,"",,"",No
The Coming Famine: The Global Food Crisis and What We Can Do to Avoid It,Julian Cribb,"",9780520260719,hardcover,did-not-finish,2016/05/09,"","",0,"",,,,,,,,,"",,shelfed,No
The Case Against the Sexual Revolution: A New Guide to Sex in the 21st Century,Louise Perry,"",9781509549993,paperback,read,2025/02/14,2025/03/11,2025/02/21-2025/03/11,1,"",,,,,,,,,"",,"",No
"Devil in the Grove: Thurgood Marshall, the Groveland Boys, and the Dawn of a New America",Gilbert King,"",9780062097712,digital,read,2016/12/05,"","",1,"",,,,,,,4.0,,"",,"",No
"Anatomy of an Epidemic: Magic Bullets, Psychiatric Drugs, and the Astonishing Rise of Mental Illness in America",Robert Whitaker,"",9780307452412,hardcover,did-not-finish,2021/05/03,"","",0,"",,,,,,,,,"",,shelfed,No
Lord of the Flies,William Golding,"",9780140283334,paperback,read,2018/06/14,2018/06/20,2018/06/20,1,"",,,,,,,,,"",,"",No
Algorithms to Live by: The Computer Science of Human Decisions,"Tom Griffiths, Brian Christian","",9781627790369,hardcover,to-read,2017/02/25,"","",0,"",,,,,,,,,"",,"",No
The Last Lecture,Randy Pausch,Jeffrey Zaslow (Contributor),9781401323257,hardcover,read,2016/07/15,"","",1,"",,,,,,,5.0,,"",,"",No
Sacrifice Zones: The Front Lines of Toxic Chemical Exposure in the United States,Steve Lerner,Phil Brown,9780262014403,hardcover,read,2016/05/10,"","",1,"",,,,,,,4.0,,"",,"",No
Twelve Years a Slave,Solomon Northup,"",9780989794800,digital,read,2016/05/10,"","",1,"",,,,,,,5.0,,"",,"",No
Nixonland: The Rise of a President and the Fracturing of America,Rick Perlstein,"",9780743243025,hardcover,read,2024/07/27,2024/12/12,2024/07/26-2024/12/12,1,"",,,,,,,,,"",,"",No
Silent Spring,Rachel Carson,"",9780618249060,paperback,read,2016/05/10,"","",1,"",,,,,,,4.0,,"",,"",No
Morning After the Revolution: Dispatches from the Wrong Side of History,Nellie Bowles,"",9780593420157,digital,read,2025/01/06,2025/01/10,2025/01/06-2025/01/10,1,"",,,,,,,,,"",,"",No
"Every Day, Holy Day: 365 Days of Teachings and Practices from the Jewish Tradition of Mussar",Alan Morinis,"",9781590308103,paperback,currently-reading,2026/04/01,"","",0,"",,,,,,,,,"",,"",No
Journey to the End of the Night,Louis-Ferdinand Céline,"Ralph Manheim (Translator), Angela Cismaş (Translator), Ralph Manheim (Translator)",9780811216548,paperback,read,2016/05/09,"","",1,"",,,,,,,5.0,,"",,"",No
Heart of Darkness,Joseph Conrad,Aníbal Fernandes (Translator),9781892295491,paperback,to-read,2016/10/25,"","",0,"",,,,,,,,,"",,"",No
Cockroaches,Jo Nesbø,Don Bartlett (Translator),9780345807151,paperback,read,2022/12/07,2022/12/10,2022/12/10,1,"",,,,,,,,,"",,"",No
Middlemarch,George Eliot,"Michel Faber (Contributor), David Russell (Contributor), David Carroll (Contributor)",9780451529176,paperback,to-read,2026/04/12,"","",0,"",,,,,,,,,"",,"",No
"The Tree of Life, Book One: On the Brink of the Precipice, 1939",Chava Rosenfarb,"",,paperback,read,2026/04/01,2026/05/19,2026/04/01-2026/05/19,1,"",,,,,,,,,"",,"",No
Dune,Frank Herbert,"",9780340839935,paperback,read,2018/11/21,2018/11/24,2018/11/24,1,"",,,,,,,5.0,,"",,"",No
Stories of Your Life and Others,Ted Chiang,"",9780330426640,paperback,to-read,2019/12/28,"","",0,"",,,,,,,,,"",,"",No
Lenin's Tomb: The Last Days of the Soviet Empire,David Remnick,"",9780679751250,paperback,read,2017/08/15,"","",1,"",,,,,,,,,"",,"",No
Winning Ugly: Mental Warfare in Tennis--Lessons from a Master,"Brad Gilbert, Steve Jamison","",9780671884000,paperback,to-read,2023/07/04,"","",0,"",,,,,,,,,"",,"",No
"The Strange Death of Europe: Immigration, Identity, Islam",Douglas Murray,"",9781472942241,hardcover,to-read,2024/11/27,"","",0,"",,,,,,,,,"",,"",No
"Thinking, Fast and Slow",Daniel Kahneman,"",9780374275631,hardcover,read,2017/08/08,"","",1,"",,,,,,,,,"",,"",No
On the Genealogy of Morals,Friedrich Nietzsche,Douglas Smith,9780192836175,paperback,read,2018/03/27,2018/03/27,2018/03/27,1,"",,,,,,,,,"",,"",No
"The Splendid and the Vile: A Saga of Churchill, Family, and Defiance During the Blitz",Erik Larson,"",9780385348713,hardcover,read,2022/06/13,2022/06/14,2022/06/14,1,"",,,,,,,,,"",,"",No
Ready Player One,Ernest Cline,"",9780307887436,hardcover,to-read,2023/10/27,"","",0,"",,,,,,,,,"",,"",No
Libra,Don DeLillo,"",9780140156041,paperback,read,2017/11/14,"","",1,"",,,,,,,,,"",,"",No
At War with Ourselves: My Tour of Duty in the Trump White House,H R McMaster,"",9780063386280,hardcover,read,2025/03/15,2025/04/24,2025/03/15-2025/04/24,1,"",,,,,,,,,"",,"",No
Min kamp 2,Karl Ove Knausgård,"",9788249507054,hardcover,read,2019/08/15,2019/09/17,2019/09/17,1,"",,,,,,,5.0,,"",,"",No
Wittgenstein's Mistress,David Markson,"",9781564782113,paperback,read,2017/11/01,"","",1,"",,,,,,,,,"",,"",No
The 4-Hour Workweek,Timothy Ferriss,"",9780307353139,hardcover,read,2016/07/31,"","",1,"",,,,,,,2.0,,"",,"",No
The Parent Trap: How to Stop Overloading Parents and Fix Our Inequality Crisis,Nate G. Hilger,"",9780262046688,hardcover,to-read,2022/11/08,"","",0,"",,,,,,,,,"",,"",No
The Uninhabitable Earth: Life After Warming,David Wallace-Wells,"",9780525576709,hardcover,read,2021/02/21,2022/11/27,2022/11/27,1,"",,,,,,,5.0,,"",,"",No
The Story of Philosophy: The Lives and Opinions of the Greater Philosophers,Will Durant,"",9780671739164,paperback,to-read,2017/04/07,"","",0,"",,,,,,,,,"",,"",No
The Gift: Creativity and the Artist in the Modern World,Lewis Hyde,"",9780307279507,hardcover,read,2016/05/10,"","",1,"",,,,,,,4.0,,"",,"",No
Can Love Last?: The Fate of Romance Over Time,Stephen A. Mitchell,"",9780393323733,paperback,to-read,2022/12/30,"","",0,"",,,,,,,,,"",,"",No
Cubed: A Secret History of the Workplace,Nikil Saval,"",,hardcover,read,2018/05/23,2018/08/18,2018/08/18,1,"",,,,,,,,,"",,"",No
How to Get Filthy Rich in Rising Asia,Mohsin Hamid,"",9781594487293,hardcover,read,2018/08/05,2018/08/10,2018/08/10,1,"",,,,,,,,,"",,"",No
The End of Race Politics: Arguments for a Colorblind America,Coleman Hughes,"",9780593332450,hardcover,read,2024/09/02,2025/01/08,2025/01/02-2025/01/08,1,"",,,,,,,,,"",,"",No
Death on the Installment Plan,Louis-Ferdinand Céline,Ralph Manheim (Translator),9780811200172,paperback,read,2016/05/09,"","",1,"",,,,,,,4.0,,"",,"",No
"Why We Love Dogs, Eat Pigs, and Wear Cows: An Introduction to Carnism: The Belief System That Enables Us to Eat Some Animals and Not Others",Melanie Joy,"",9781573244619,hardcover,to-read,2021/02/21,"","",0,"",,,,,,,,,"",,"",No
The Consolations of Philosophy,Alain de Botton,"",9780679779179,paperback,read,2016/05/09,"","",1,"",,,,,,,5.0,,"",,"",No
Catch Me If You Can: The True Story of a Real Fake,Frank W. Abagnale,Stan Redding,1840187166,paperback,read,2016/05/10,"","",1,"",,,,,,,4.0,,"",,"",No
Police,Jo Nesbø,Don Bartlett (Translator),9780307960498,hardcover,read,2024/10/20,2024/10/27,2024/10/20-2024/10/27,1,"",,,,,,,,,"",,"",No
The Thin Man,Dashiell Hammett,"",9780679722632,paperback,to-read,2022/11/08,"","",0,"",,,,,,,,,"",,"",No
Means of Ascent: The Years of Lyndon Johnson II,Robert A. Caro,"",9780679733713,paperback,read,2024/05/02,2024/06/10,2024/05/01-2024/06/10,1,"",,,,,,,5.0,"","","","",No
The Moon Is Down,John Steinbeck,"",9780141185538,paperback,read,2025/02/04,2025/02/08,2025/02/04-2025/02/08,1,"",,,,,,,,,"",,"",No
The World Atlas of Coffee: From Beans to Brewing ,James Hoffmann,"",9781770854703,hardcover,to-read,2021/11/13,"","",0,"",,,,,,,,,"",,"",No
The New One: Painfully True Stories from a Reluctant Dad,Mike Birbiglia,"",9781538701515,hardcover,read,2026/01/25,2026/02/03,2026/01/25-2026/02/03,1,"",,,,,,,,,"",,"",No
Apology,Plato,James J. Helm (Translator),9780865163485,paperback,read,2016/05/09,"","",1,"",,,,,,,5.0,,"",,"",No
White Fang,Jack London,"",9780439236195,paperback,read,2025/08/26,2025/09/07,2025/08/26-2025/09/07,1,"",,,,,,,,,"",,"",No
Hannah's Children: The Women Quietly Defying the Birth Dearth,Catherine Pakaluk,"",9781684514571,hardcover,read,2024/11/18,2024/12/13,2024/11/18-2024/12/13,1,"",,,,,,,5.0,"","","","",No
The Giver,Lois Lowry,"",9780385732550,paperback,read,2016/05/10,"","",1,"",,,,,,,4.0,,"",,"",No
Selected Stories,Alice Munro,"",9780679766742,paperback,to-read,2017/09/17,"","",0,"",,,,,,,,,"",,"",No
"The Professor and the Madman: A Tale of Murder, Insanity, and the Making of the Oxford English Dictionary",Simon Winchester,"",9780060839789,paperback,to-read,2017/09/16,"","",0,"",,,,,,,,,"",,"",No
Thomas Jefferson: The Art of Power,Jon Meacham,"",9781400067664,hardcover,to-read,2026/01/29,"","",0,"",,,,,,,,,"",,"",No
The Prime Ministers: An Intimate Narrative of Israeli Leadership,Yehuda Avner,"",9781592642786,hardcover,read,2026/02/10,2026/06/11,2026/02/10-2026/06/11,1,"",,,,,,,5.0,"","","","",No
The Passion According to G.H.,Clarice Lispector,Ronald W. Sousa (Translator),9780816617128,paperback,to-read,2017/03/07,"","",0,"",,,,,,,,,"",,"",No
Beneath the Wheel,Hermann Hesse,"Michael Roloff (Translator), Michael Roloff (Translator)",9780312422301,paperback,read,2016/05/09,"","",1,"",,,,,,,4.0,,"",,"",No
"My Struggle, Book 5: Some Rain Must Fall",Karl Ove Knausgård,Don Bartlett (Translator),9780374534189,paperback,read,2022/12/30,2023/01/08,2023/01/08,1,"",,,,,,,5.0,,"",,"",No
Of Mice and Men,John Steinbeck,Susan Shillinglaw (Contributor),9780142000670,paperback,read,2017/11/04,"","",1,"",,,,,,,,,"",,"",No
The Razor's Edge,W. Somerset Maugham,"",9781400034208,paperback,read,2024/01/02,2024/02/12,2024/02/12,1,"",,,,,,,,,"",,"",No
The Spy and the Traitor: The Greatest Espionage Story of the Cold War,Ben Macintyre,"",9780771060335,hardcover,read,2025/09/17,2025/10/08,2025/09/17-2025/10/08,1,"",,,,,,,,<div>A fast and fun read. Ignore the KGB sympathizing comments that appear on this site. The book provides an accurate description of the depravities of living in a totalitarian state and the lengths some are willing to go to escape it.&nbsp;</div>,"","","",No
The Urban Farmer: Growing Food for Profit on Leased and Borrowed Land,Curtis Stone,"",9780865718012,paperback,to-read,2020/08/24,"","",0,"",,,,,,,,,"",,"",No
Ethics in the Real World: 86 Brief Essays on Things that Matter,Peter Singer,"",9781925355857,paperback,read,2022/08/23,2022/10/04,2022/10/04,1,"",,,,,,,,,"",,"",No
How to Know a Person: The Art of Seeing Others Deeply and Being Deeply Seen,David Brooks,"",9780593230060,hardcover,to-read,2024/09/02,"","",0,"",,,,,,,,,"",,"",No
Harry Potter and the Prisoner of Azkaban,J.K. Rowling,Mary GrandPré (Illustrator),9780439136365,paperback,read,2016/05/10,"","",1,"",,,,,,,4.0,,"",,"",No
Something Happened,Joseph Heller,"",9780684841212,paperback,read,2016/05/09,"","",1,"",,,,,,,5.0,,"",,"",No
"Righteous Victims: A History of the Zionist-Arab Conflict, 1881-1998",Benny Morris,"",9780679744757,paperback,paused,2025/07/21,"","",0,"",,,,,,,,,"",,"",No
Sapiens: A Brief History of Humankind,Yuval Noah Harari,Derek Perkins (Narrator),9781786141675,audio,read,2017/01/31,"","",1,"",,,,,,,5.0,,"",,"",No
The Leopard,Jo Nesbø,Don Bartlett (Translator),9781846554001,hardcover,read,2023/09/05,2023/09/09,2023/09/09,1,"",,,,,,,,,"",,"",No
The Closing of the American Mind,Allan Bloom,"",9780671657154,paperback,to-read,2024/04/30,"","",0,"",,,,,,,,,"",,"",No
Hostage,Eli Sharabi,"","",digital,read,2025/10/08,2025/10/22,2025/10/08-2025/10/22,1,"",,,,,,,,,"",,"",No
Light,M. John Harrison,"",9780553382952,paperback,to-read,2016/12/22,"","",0,"",,,,,,,,,"",,"",No
Believe: Why Everyone Should Be Religious,Ross Douthat,"",9780310367581,hardcover,read,2025/03/10,2026/06/21,2025/11/11-2026/06/21,1,"",,,,,,,,,"",,"",No
The Accidental President: Harry S. Truman and the Four Months That Changed the World,A.J. Baime,"",9780544617346,hardcover,read,2025/08/11,2025/09/17,2025/08/14-2025/09/17,1,"",,,,,,,5.0,"","","","",No
"The Shareholder Value Myth: How Putting Shareholders First Harms Investors, Corporations, and the Public",Lynn Stout,"",9781605098135,paperback,to-read,2020/09/30,"","",0,"",,,,,,,,,"",,"",No
Patrimony: A True Story,Philip Roth,"",9780679752936,paperback,to-read,2026/01/25,"","",0,"",,,,,,,,,"",,"",No
Why We Work,Barry Schwartz,"",9781476784861,hardcover,read,2024/08/03,2024/08/05,2024/08/03-2024/08/05,1,"",,,,,,,,,"",,"",No
The Brothers Karamazov,Fyodor Dostoevsky,"Richard Pevear (Translator), Larissa Volokhonsky (Translator)",9780374528379,paperback,read,2019/12/29,"","",1,"",,,,,,,,,"",,"",No
Black and White: The Way I See It,Richard Williams,"",9781476704210,paperback,read,2026/06/06,2026/06/08,2026/06/05-2026/06/08,1,"",,,,,,,,,"",,"",No
Rafa,Rafael Nadal,John Carlin,9781401324513,hardcover,read,2021/09/16,2023/12/27,2023/12/27,1,"",,,,,,,5.0,,"",,"",No
The Road to Serfdom: Text and Documents,Friedrich A. Hayek,"",9780226320557,paperback,to-read,2017/05/18,"","",0,"",,,,,,,,,"",,"",No
"Strangers Drowning: Grappling with Impossible Idealism, Drastic Choices, and the Overpowering Urge to Help",Larissa MacFarquhar,"",9781594204333,hardcover,to-read,2022/01/20,"","",0,"",,,,,,,,,"",,"",No
"Look Homeward, Angel",Thomas Wolfe,"",9780743297318,paperback,read,2022/10/17,2022/12/07,2022/12/07,1,"",,,,,,,5.0,,"",,"",No
Outline of My Lover,Douglas A. Martin,"",9781887128476,paperback,to-read,2016/12/15,"","",0,"",,,,,,,,,"",,"",No
Hillbilly Elegy: A Memoir of a Family and Culture in Crisis,J.D. Vance,"",9780062300546,hardcover,read,2019/10/14,2019/10/30,2019/10/30,1,"",,,,,,,,,"",,"",No
"The Water Will Come: Rising Seas, Sinking Cities, and the Remaking of the Civilized World",Jeff Goodell,"",9780316260244,hardcover,to-read,2022/11/26,"","",0,"",,,,,,,,,"",,"",No
The Adventures and Misadventures of Maqroll,Álvaro Mutis,"Francisco Goldman (Contributor), Edith Grossman (Translator)",9780940322912,paperback,to-read,2023/05/24,"","",0,"",,,,,,,,,"",,"",No
The Book of Lights,Chaim Potok,"",9780449001141,paperback,read,2019/10/14,2019/10/01,2019/10/01,1,"",,,,,,,,,"",,"",No
The Essential Drucker,Peter F. Drucker,"",9780060935740,paperback,to-read,2018/08/05,"","",0,"",,,,,,,,,"",,"",No
"The Sea, the Sea",Iris Murdoch,"",9780141186160,paperback,to-read,2023/12/10,"","",0,"",,,,,,,,,"",,"",No
"Born to Run: A Hidden Tribe, Superathletes, and the Greatest Race the World Has Never Seen",Christopher McDougall,Fred Sanders (Narrator),9780307914552,audio,read,2018/05/25,2018/05/28,2018/05/28,1,"",,,,,,,,,"",,"",No
To Build a Fire,Jack London,"",9780968709184,paperback,read,2016/07/01,"","",1,"",,,,,,,5.0,,"",,"",No
Lolita,Vladimir Nabokov,Fernanda Pinto Rodrigues (Translator),9788461284986,paperback,read,2016/12/15,2020/03/15,2020/03/15,1,"",,,,,,,,,"",,"",No
Why We Sleep: Unlocking the Power of Sleep and Dreams,Matthew Walker,Steve West (Narrator),9781508240020,audio,read,2018/10/30,2019/05/23,2019/05/23,1,"",,,,,,,,,"",,"",No
"JFK: Coming of Age in the American Century, 1917-1956",Fredrik Logevall,"",9780812997132,hardcover,to-read,2024/07/28,"","",0,"",,,,,,,,,"",,"",No
Freakonomics: A Rogue Economist Explores the Hidden Side of Everything,"Steven D. Levitt, Stephen J. Dubner","",9780061234002,hardcover,read,2017/01/10,"","",1,"",,,,,,,,,"",,"",No
Islam and the Future of Tolerance: A Dialogue,"Maajid Nawaz, Sam Harris","",9780674088702,hardcover,read,2025/10/24,2025/11/11,2025/10/24-2025/11/11,1,"",,,,,,,,,"",,"",No
Sartre,Arthur C. Danto,"",,,read,2017/08/17,"","",1,"",,,,,,,,,"",,"",No
Light in August,William Faulkner,"",9780679732266,paperback,to-read,2025/05/07,"","",0,"",,,,,,,,,"",,"",No
The Coddling of the American Mind: How Good Intentions and Bad Ideas Are Setting Up a Generation for Failure,"Greg Lukianoff, Jonathan Haidt","",9780735224919,paperback,read,2025/01/11,2025/09/10,2025/01/11-2025/09/10,1,"",,,,,,,,,"",,"",No
"King, Queen, Knave",Vladimir Nabokov,Dmitri Nabokov (Translator),9780141185774,paperback,read,2016/05/09,"","",1,"",,,,,,,3.0,,"",,"",No
Kiss of the Spider Woman,Manuel Puig,Thomas Colchie (Translator),9781784877781,paperback,to-read,2017/02/19,"","",0,"",,,,,,,,,"",,"",No
Phantom,Jo Nesbø,Don Bartlett (Translator),9780307960474,hardcover,read,2024/07/21,2024/07/24,2024/07/21-2024/07/24,1,"",,,,,,,,,"",,"",No
The Morning Star,Karl Ove Knausgård,Martin Aitken (Translator),9780399563423,hardcover,to-read,2021/11/13,"","",0,"",,,,,,,,,"",,"",No
The Name of the Wind,Patrick Rothfuss,"",9780756404079,hardcover,to-read,2022/12/30,"","",0,"",,,,,,,,,"",,"",No
The Last Girlfriend on Earth: And Other Love Stories,Simon Rich,"",9780316219396,hardcover,to-read,2020/03/14,"","",0,"",,,,,,,,,"",,"",No
Gone Girl,Gillian Flynn,"",9780385347778,paperback,read,2017/10/18,"","",1,"",,,,,,,,,"",,"",No
The Genius of Israel: What One Small Nation Can Teach the World,"Dan Senor, Saul Singer","",9781982115760,hardcover,read,2023/12/10,2024/02/19,2024/02/19,1,"",,,,,,,,,"",,"",No
Human + Machine: Reimagining Work in the Age of AI,Paul R. Daugherty,H. James Wilson,9781633693876,digital,read,2019/01/19,2019/01/26,2019/01/26,1,"",,,,,,,,"A refreshing take on AI. Manages to draw the line between neo-Luddism and the technological singularity better than most authors in this space. <br><br>My main beef is with the unabashed, positive light the authors shine on ""personalization."" Sure, having targeted ads that only encompass products I salivate over the prospect of owning is convenient, if not enticing in theory, but it seems simplistic to view this as an unassailable benefit and move on. The ethical and existential implications of such a world (not too distant from our own) would have been rather tangential to the core of the book, but maybe some decorations to the shine of personalization could have been removed as a compromise. <br><br>Also, I am not as convinced as the authors that C-suite executives can be given unfettered trust to use AI constructively. It seems like a syllogism to assume that because these individuals are beginning to understand the value of having business applications that use AI, which has potentially unfavorable consequences, that ergo these individuals understand the implications of implementing said technology. Something about great power and responsibility seems apropos here.<br><br>But these are nit-picky gripes. This book starts an important conversation about the ""missing middle"" of synergy between robots and workers and I am looking forward to seeing where others take it.","",,"",No
T Zero,Italo Calvino,William Weaver (Translator),9780156924009,paperback,read,2018/03/22,2018/03/22,2018/03/22,1,"",,,,,,,,,"",,"",No
Languishing: How to Feel Alive Again in a World That Wears Us Down,Corey Keyes,"",9780593444627,hardcover,read,2025/03/17,2026/03/13,2025/03/17-2026/03/13,1,"",,,,,,,,,"",,"",No
Becket,Jean Anouilh,"",9781573225083,paperback,read,2016/05/10,"","",1,"",,,,,,,4.0,,"",,"",No
The Drowned World,J.G. Ballard,"",9780871403629,paperback,to-read,2022/11/26,"","",0,"",,,,,,,,,"",,"",No
Fahrenheit 451,Ray Bradbury,"",9780007491568,hardcover,read,2016/05/10,"","",1,"",,,,,,,5.0,,"",,"",No
Computer Science: A Very Short Introduction,Subrata Dasgupta,"",9780198733461,paperback,did-not-finish,2019/02/10,"","",0,"",,,,,,,,,"",,shelfed,No
What We Owe the Future,William MacAskill,"",9781541618626,hardcover,read,2022/10/04,2022/10/23,2022/10/23,1,"",,,,,,,5.0,,"",,"",No
The Devil in the White City,Erik Larson,Scott Brick (Narrator),9780739303405,audio,read,2016/10/25,"","",1,"",,,,,,,3.0,,"",,"",No
"The Broken Ladder: How Inequality Affects the Way We Think, Live, and Die",Keith Payne,"",9780525429814,hardcover,to-read,2021/08/10,"","",0,"",,,,,,,,,"",,"",No
Everything for Everyone: The Radical Tradition That Is Shaping the Next Economy,Nathan Schneider,"","",audio,to-read,2021/02/14,"","",0,"",,,,,,,,,"",,"",No
Choke,Chuck Palahniuk,"",9780385720922,paperback,read,2016/05/09,"","",1,"",,,,,,,4.0,,"",,"",No
Frederick Douglass: Prophet of Freedom,David W. Blight,"",9781416590316,hardcover,to-read,2026/03/17,"","",0,"",,,,,,,,,"",,"",No
Effective Altruism Handbook,Ryan Carey,"",,,read,2021/02/02,2021/04/23,2021/04/23,1,"",,,,,,,,,"",,"",No
Brain Rules for Baby: How to Raise a Smart and Happy Child from Zero to Five,"","",9780979777769,audio,to-read,2024/12/14,"","",0,"",,,,,,,,,"",,"",No
Fermat's Enigma: The Epic Quest to Solve the World's Greatest Mathematical Problem,Simon Singh,"",9780385493628,paperback,to-read,2026/06/11,"","",0,"",,,,,,,,,"",,"",No
The Thirst,Jo Nesbø,Neil Smith (Translator),9781473547094,digital,read,2025/03/21,2025/03/28,2025/03/21-2025/03/28,1,"",,,,,,,,,"",,"",No
"Everybody Lies: Big Data, New Data, and What the Internet Can Tell Us about Who We Really Are",Seth Stephens-Davidowitz,"",9780062390851,hardcover,read,2018/01/17,2018/01/26,2018/01/26,1,"",,,,,,,,,"",,"",No
Zen and the Art of Motorcycle Maintenance: An Inquiry Into Values,Robert M. Pirsig,"",9780060589462,paperback,read,2016/11/03,"","",1,"",,,,,,,,,"",,"",No
Bibi: My Story,Benjamin Netanyahu,"",9781668008447,hardcover,to-read,2024/10/13,"","",0,"",,,,,,,,,"",,"",No
Failing Forward: Turning Mistakes Into Stepping Stones for Success,John C. Maxwell,"",9780785274308,hardcover,read,2016/05/09,"","",1,"",,,,,,,3.0,,"",,"",No
Animal Farm,George Orwell,Téa Obreht (Contributor),9780451526342,paperback,read,2016/05/10,"","",1,"",,,,,,,5.0,,"",,"",No
The Dharma Bums,Jack Kerouac,"",9780140042528,paperback,read,2016/05/10,"","",1,"",,,,,,,4.0,,"",,"",No
The Art of Loving: An Enquiry into the Nature of Love,"Erich Fromm, Ruth Nanda Anshen","",9780060113759,hardcover,to-read,2022/09/10,"","",0,"",,,,,,,,,"",,"",No
The Hidden Forest: The Biography of an Ecosystem,Jon R. Luoma,"",9780870710940,paperback,to-read,2022/03/10,"","",0,"",,,,,,,,,"",,"",No
The Undoing Project,Michael Lewis,"",9780393354775,paperback,to-read,2019/02/28,"","",0,"",,,,,,,,,"",,"",No
Of Boys and Men,Richard V. Reeves,"",9781800750548,hardcover,read,2024/02/12,2024/02/19,2024/02/19,1,"",,,,,,,5.0,"","","","",No
Battle Cry of Freedom: The Civil War Era,James M. McPherson,"",9780195168952,paperback,read,2019/07/15,2019/08/25,2019/08/25,1,"",,,,,,,5.0,,"",,"",No
Omensetter's Luck,William H. Gass,"",9780141180106,paperback,read,2017/02/25,"","",1,"",,,,,,,5.0,,"",,"",No
"The Best Minds: A Story of Friendship, Madness, and the Tragedy of Good Intentions",Jonathan Rosen,"",9781594206573,hardcover,to-read,2026/03/10,"","",0,"",,,,,,,,,"",,"",No
Four Thousand Weeks: Time Management for Mortals,Oliver Burkeman,"",9780374159122,hardcover,read,2023/12/31,2024/02/02,2024/02/02,1,"",,,,,,,5.0,,"",,"",No
"Careless People: A Cautionary Tale of Power, Greed, and Lost Idealism",Sarah Wynn-Williams,"",9781250391230,hardcover,read,2025/04/23,2025/05/14,2025/04/25-2025/05/14,1,"",,,,,,,,,"",,"",No
I'll Be Gone in the Dark: One Woman's Obsessive Search for the Golden State Killer,Michelle McNamara,"",9780062319807,digital,read,2018/04/25,2018/12/02,2018/12/02,1,"",,,,,,,,,"",,"",No
The Shallows: What the Internet Is Doing to Our Brains,Nicholas Carr,"",9780393339758,paperback,read,2023/10/27,2024/06/17,2024/06/13-2024/06/17,1,"",,,,,,,,,"",,"",No
The Denial of Death,Ernest Becker,Sam Keen (Contributor),9780684832401,paperback,to-read,2017/08/10,"","",0,"",,,,,,,,,"",,"",No
The Corporation: The Pathological Pursuit of Profit and Power,Joel Bakan,"",9780743247467,paperback,to-read,2022/11/08,"","",0,"",,,,,,,,,"",,"",No
"Tesla, Master of Lightning",Margaret Cheney,"Jim Glenn, Robert Uth",9780760710050,hardcover,read,2016/10/28,"","",1,"",,,,,,,,,"",,"",No
The Big Sleep,Raymond Chandler,"",9780394758282,paperback,read,2022/10/04,2022/10/17,2022/10/17,1,"",,,,,,,,,"",,"",No
The Alignment Problem: Machine Learning and Human Values,Brian Christian,"",9780393635829,hardcover,to-read,2022/11/08,"","",0,"",,,,,,,,,"",,"",No
Terror and Liberalism,Paul Berman,"",9780393325553,paperback,to-read,2025/12/31,"","",0,"",,,,,,,,,"",,"",No
The Deep Blue Good-By,John D. MacDonald,"",9780812983920,paperback,to-read,2025/03/25,"","",0,"",,,,,,,,,"",,"",No
American Lion: Andrew Jackson in the White House,Jon Meacham,"",9781400063253,hardcover,to-read,2026/03/12,"","",0,"",,,,,,,,,"",,"",No
Break It Down,Lydia Davis,"",9781852424213,paperback,read,2017/10/18,2017/11/15,2017/11/15,2,"",,,,,,,2.0,,"",,"",No
The Precipice,Toby Ord,"",9781526600219,hardcover,read,2021/08/19,2021/09/23,2021/09/23,1,"",,,,,,,5.0,,"",,"",No
The Soul is Not a Smithy,"David Foster Wallace, Sven Birkerts","",,,read,2016/07/01,"","",1,"",,,,,,,5.0,,"",,"",No
From Beirut to Jerusalem,Thomas L. Friedman,Đặng Ly,9780385413725,paperback,to-read,2025/03/23,"","",0,"",,,,,,,,,"",,"",No
"Talent: How to Identify Energizers, Creatives, and Winners Around the World","Daniel Gross, Daniel Gross, Tyler Cowen, Tyler Cowen","",9781250275813,hardcover,read,2022/12/12,2022/12/14,2022/12/14,1,"",,,,,,,,,"",,"",No
